"",F.stat,p.value,-log10(p),FDR
2.358/278.14614,5765.9,2.5141e-15,14.6,4.2689e-12
2.306/292.16097,3833,1.5773e-14,13.802,1.3391e-11
2.494/287.20054,986.42,7.025e-12,11.153,2.8696e-09
2.414/305.21255,968.92,7.6127e-12,11.118,2.8696e-09
2.463/184.05563,946.65,8.45e-12,11.073,2.8696e-09
2.485/143.65749,864.2,1.2718e-11,10.896,3.5991e-09
2.495/299.14185,491.68,1.5925e-10,9.7979,3.8629e-08
1.151/160.13255,175.95,1.5543e-08,7.8085,3.0387e-06
4.916/236.15184,174.55,1.6106e-08,7.793,3.0387e-06
5.310/215.64912,141.68,4.0537e-08,7.3921,6.8832e-06
2.496/144.10199,112,1.1421e-07,6.9423,1.763e-05
6.008/430.19986,97.567,2.0926e-07,6.6793,2.8249e-05
6.014/166.11307,96.835,2.1628e-07,6.665,2.8249e-05
6.010/136.58832,93.781,2.4885e-07,6.6041,3.0182e-05
4.896/474.25343,62.989,1.4044e-06,5.8525,0.00015898
0.800/132.13684,59.5,1.7955e-06,5.7458,0.00019055
4.551/742.28040,58.635,1.9123e-06,5.7184,0.00019101
0.727/245.41201,55.461,2.429e-06,5.6146,0.00022914
5.290/246.21981,53.182,2.908e-06,5.5364,0.00025988
4.438/127.12151,49.989,3.7899e-06,5.4214,0.0003001
5.293/173.13477,49.697,3.8859e-06,5.4105,0.0003001
6.168/289.20028,49.69,3.8882e-06,5.4102,0.0003001
5.379/201.63313,44.715,6.0932e-06,5.2152,0.00042867
5.115/311.14754,43.69,6.7232e-06,5.1724,0.00042867
2.402/182.05812,43.661,6.7421e-06,5.1712,0.00042867
4.666/254.13704,43.591,6.7877e-06,5.1683,0.00042867
1.998/182.05780,43.548,6.8162e-06,5.1665,0.00042867
5.861/230.63688,41.057,8.7461e-06,5.0582,0.00050979
3.658/112.04841,40.93,8.8613e-06,5.0525,0.00050979
5.296/143.60895,40.772,9.0068e-06,5.0454,0.00050979
4.660/304.20267,38.625,1.1313e-05,4.9464,0.00060059
2.015/203.13994,38.621,1.1319e-05,4.9462,0.00060059
1.101/258.07708,37.733,1.2481e-05,4.9037,0.00064221
4.324/216.17246,36.989,1.357e-05,4.8674,0.00066248
4.437/144.14763,36.826,1.3824e-05,4.8594,0.00066248
2.515/261.18287,36.687,1.4045e-05,4.8525,0.00066248
0.660/276.21043,36.295,1.4692e-05,4.8329,0.00067424
4.626/260.17566,35.33,1.6446e-05,4.7839,0.00073486
1.102/220.12039,33.831,1.971e-05,4.7053,0.00083984
5.543/303.21966,33.8,1.9784e-05,4.7037,0.00083984
4.249/133.06023,32.892,2.2161e-05,4.6544,0.00089518
4.552/495.18421,32.798,2.2426e-05,4.6493,0.00089518
2.482/182.05773,32.713,2.2669e-05,4.6446,0.00089518
0.710/216.23345,31.846,2.5346e-05,4.5961,0.00097811
4.250/70.02648,31.589,2.6214e-05,4.5815,0.00098914
1.102/429.31706,31.397,2.6884e-05,4.5705,0.00099236
4.556/277.14248,31.028,2.8232e-05,4.5493,0.0010199
0.694/340.13427,30.867,2.8849e-05,4.5399,0.0010205
4.959/320.94973,30.636,2.9761e-05,4.5264,0.0010313
5.021/434.24300,29.806,3.3335e-05,4.4771,0.0011321
6.018/429.17918,29.62,3.421e-05,4.4658,0.001139
5.587/166.11380,29.421,3.5173e-05,4.4538,0.0011485
1.162/118.12117,29.21,3.6229e-05,4.4409,0.0011607
4.382/187.14471,28.334,4.1068e-05,4.3865,0.0012686
4.440/205.15585,28.33,4.109e-05,4.3863,0.0012686
1.453/190.14409,27.92,4.3629e-05,4.3602,0.0013229
5.114/289.16682,27.562,4.5999e-05,4.3373,0.0013703
0.727/246.17400,27.06,4.9598e-05,4.3045,0.001452
3.673/341.82570,26.83,5.1354e-05,4.2894,0.001478
4.358/183.16083,26.71,5.2307e-05,4.2814,0.0014803
3.677/144.04646,25.777,6.0478e-05,4.2184,0.0016835
4.832/115.08535,25.427,6.3936e-05,4.1943,0.0017061
0.687/146.11679,25.425,6.3962e-05,4.1941,0.0017061
4.913/590.87410,25.391,6.4304e-05,4.1918,0.0017061
3.673/144.10086,24.271,7.7234e-05,4.1122,0.0020176
4.441/99.08926,24.141,7.8928e-05,4.1028,0.0020306
5.586/331.22645,23.863,8.2712e-05,4.0824,0.0020962
4.257/116.03269,23.678,8.5355e-05,4.0688,0.0021236
0.752/244.15790,23.614,8.6294e-05,4.064,0.0021236
4.645/272.17541,23.42,8.9215e-05,4.0496,0.0021641
1.098/202.10785,23.291,9.1232e-05,4.0399,0.0021819
4.307/242.05606,23.18,9.2994e-05,4.0315,0.0021931
4.444/184.10329,22.734,0.00010056,3.9976,0.0023391
3.667/236.15162,22.512,0.00010462,3.9804,0.0024007
5.573/503.16028,22.069,0.00011331,3.9457,0.0024977
5.115/615.28978,21.923,0.00011636,3.9342,0.0024977
3.671/265.11646,21.918,0.00011647,3.9338,0.0024977
4.662/290.18601,21.908,0.00011667,3.933,0.0024977
2.138/671.23415,21.799,0.00011903,3.9243,0.0024977
2.060/158.11632,21.769,0.00011969,3.9219,0.0024977
5.114/327.12439,21.746,0.00012019,3.9201,0.0024977
3.657/268.10845,21.709,0.00012103,3.9171,0.0024977
5.860/558.24633,21.661,0.00012209,3.9133,0.0024977
2.349/216.12342,21.199,0.00013308,3.8759,0.0026394
4.426/236.15176,21.188,0.00013336,3.875,0.0026394
5.892/429.14797,21.174,0.00013371,3.8738,0.0026394
3.668/256.08729,21.092,0.0001358,3.8671,0.0026394
0.702/182.12958,21.054,0.00013679,3.864,0.0026394
5.118/406.24903,20.853,0.00014211,3.8474,0.0026976
0.687/87.04142,20.671,0.00014716,3.8322,0.0026976
2.330/158.11636,20.668,0.00014723,3.832,0.0026976
3.685/266.11711,20.662,0.00014741,3.8315,0.0026976
4.832/116.07010,20.646,0.00014785,3.8302,0.0026976
2.352/319.22693,20.595,0.00014934,3.8258,0.0026976
2.142/537.18551,20.48,0.0001527,3.8162,0.0027293
4.607/255.04903,19.887,0.00017157,3.7656,0.0030308
4.676/429.74933,19.798,0.00017464,3.7578,0.0030308
4.938/646.06585,19.79,0.00017492,3.7572,0.0030308
4.259/74.02140,19.68,0.00017883,3.7476,0.0030671
6.138/429.14580,19.415,0.00018866,3.7243,0.0032034
4.613/102.05230,19.321,0.00019231,3.716,0.0032331
4.769/392.01259,18.928,0.00020855,3.6808,0.0034591
4.321/200.05558,18.855,0.00021175,3.6742,0.0034591
0.619/197.11833,18.813,0.00021363,3.6703,0.0034591
5.535/553.15946,18.806,0.0002139,3.6698,0.0034591
1.109/218.14151,18.583,0.00022419,3.6494,0.0035778
3.660/124.03739,18.521,0.00022716,3.6437,0.0035778
4.403/326.03689,18.513,0.00022756,3.6429,0.0035778
5.162/261.15825,18.459,0.00023017,3.6379,0.0035856
4.613/164.07432,18.284,0.00023895,3.6217,0.0036885
1.450/198.16090,18.201,0.0002432,3.614,0.0037203
4.423/169.56802,18.1,0.00024856,3.6046,0.0037275
2.140/269.09213,18.071,0.00025013,3.6018,0.0037275
3.660/151.04131,18.042,0.0002517,3.5991,0.0037275
4.311/134.04358,18.029,0.00025245,3.5978,0.0037275
4.506/397.15717,17.962,0.00025614,3.5915,0.0037494
3.662/245.11623,17.858,0.00026201,3.5817,0.0038025
4.843/393.25227,17.746,0.0002685,3.571,0.0038637
3.663/152.05558,17.684,0.00027225,3.565,0.0038708
3.669/246.09250,17.662,0.00027356,3.563,0.0038708
0.744/456.24852,17.479,0.00028488,3.5453,0.0039143
0.771/160.13252,17.467,0.00028565,3.5442,0.0039143
1.169/215.97905,17.418,0.00028879,3.5394,0.0039143
4.833/133.09651,17.39,0.00029063,3.5367,0.0039143
5.115/653.24760,17.375,0.0002916,3.5352,0.0039143
5.368/232.20460,17.373,0.0002917,3.5351,0.0039143
4.771/338.08137,17.357,0.00029277,3.5335,0.0039143
4.626/202.04810,17.285,0.00029755,3.5264,0.0039472
1.118/466.17964,17.161,0.00030596,3.5143,0.0040272
3.660/137.04249,17.111,0.00030944,3.5094,0.0040418
4.418/414.11840,16.923,0.00032302,3.4908,0.0041786
3.657/269.11416,16.899,0.00032483,3.4883,0.0041786
5.587/467.18217,16.747,0.00033637,3.4732,0.0042944
2.141/403.13808,16.497,0.00035656,3.4479,0.0045182
4.677/423.21090,16.396,0.00036508,3.4376,0.0045484
0.875/279.11319,16.358,0.00036836,3.4337,0.0045484
1.101/467.27489,16.351,0.00036901,3.433,0.0045484
5.859/184.07454,16.343,0.00036966,3.4322,0.0045484
4.424/170.09284,16.249,0.00037798,3.4225,0.0046174
4.938/608.11105,16.162,0.00038589,3.4135,0.0046803
2.210/564.25175,16.097,0.00039194,3.4068,0.00472
1.454/176.12805,15.93,0.00040797,3.3894,0.0048784
4.417/182.09231,15.813,0.00041971,3.377,0.0049837
4.560/361.20496,15.685,0.000433,3.3635,0.0051058
3.660/139.91305,15.616,0.00044041,3.3561,0.0051574
1.390/104.10570,15.574,0.00044498,3.3517,0.0051752
3.661/138.05430,15.536,0.00044914,3.3476,0.0051881
6.002/221.63141,15.334,0.00047218,3.3259,0.0054017
1.109/461.14628,15.319,0.000474,3.3242,0.0054017
4.546/366.18866,15.26,0.00048101,3.3178,0.005445
4.418/290.21351,15.214,0.00048656,3.3129,0.0054714
1.389/243.18649,14.998,0.00051381,3.2892,0.0057194
3.665/240.86866,14.987,0.00051535,3.2879,0.0057194
5.923/184.07540,14.935,0.00052219,3.2822,0.0057577
4.331/203.14003,14.882,0.00052922,3.2764,0.0057808
1.110/217.46573,14.869,0.0005311,3.2748,0.0057808
1.510/184.14382,14.705,0.00055391,3.2566,0.0059546
4.275/156.03296,14.704,0.00055408,3.2564,0.0059546
5.828/214.07201,14.653,0.00056136,3.2508,0.0059672
4.247/87.05314,14.647,0.00056228,3.25,0.0059672
5.577/581.16358,14.588,0.00057088,3.2435,0.0060208
4.927/429.15064,14.448,0.00059222,3.2275,0.0062074
3.673/288.05274,14.407,0.00059864,3.2228,0.0062361
2.240/163.11503,14.352,0.00060736,3.2166,0.0062884
4.725/292.20104,14.299,0.00061592,3.2105,0.0063053
4.918/386.73292,14.296,0.00061642,3.2101,0.0063053
3.677/176.01090,14.217,0.00062936,3.2011,0.0063991
4.402/288.07865,14.12,0.00064593,3.1898,0.0064907
0.760/281.16392,14.084,0.00065205,3.1857,0.0064907
0.727/284.13085,14.074,0.00065388,3.1845,0.0064907
4.605/380.20538,14.07,0.00065452,3.1841,0.0064907
1.150/485.36573,14.054,0.00065748,3.1821,0.0064907
5.116/577.33244,13.89,0.00068713,3.163,0.006744
1.107/159.06447,13.869,0.00069108,3.1605,0.006744
0.569/147.11604,13.846,0.0006954,3.1578,0.0067473
4.687/263.63493,13.816,0.00070106,3.1542,0.0067636
4.833/70.06374,13.535,0.00075726,3.1208,0.0072645
4.407/147.11206,13.408,0.00078438,3.1055,0.0074825
1.393/207.20748,13.148,0.00084379,3.0738,0.0080042
4.439/339.09704,13.091,0.0008577,3.0667,0.0080909
0.569/230.15631,12.869,0.00091405,3.039,0.0085749
4.659/350.15565,12.82,0.00092691,3.033,0.0086477
4.768/314.05898,12.765,0.000942,3.0259,0.0087377
3.676/156.04205,12.747,0.00094684,3.0237,0.0087377
6.010/459.28609,12.699,0.00096028,3.0176,0.0087836
4.556/744.27475,12.692,0.00096216,3.0168,0.0087836
4.717/338.18887,12.669,0.00096866,3.0138,0.0087956
0.752/115.75082,12.645,0.00097539,3.0108,0.0088097
0.807/124.07393,12.594,0.00099004,3.0043,0.0088946
4.420/443.16322,12.524,0.0010107,2.9954,0.0090053
4.777/450.76485,12.517,0.001013,2.9944,0.0090053
4.933/442.97479,12.372,0.0010573,2.9758,0.0093501
5.112/599.31479,12.289,0.0010837,2.9651,0.0094922
4.544/348.17784,12.282,0.0010861,2.9641,0.0094922
4.600/503.14960,12.27,0.0010901,2.9625,0.0094922
4.937/684.02192,12.169,0.0011236,2.9494,0.0097147
4.409/175.14495,12.159,0.0011271,2.948,0.0097147
5.201/401.06812,12.134,0.0011356,2.9448,0.0097388
3.677/177.13402,11.893,0.0012223,2.9128,0.01043
0.806/198.16142,11.815,0.0012522,2.9023,0.010631
3.663/90.05256,11.764,0.0012722,2.8955,0.010679
4.646/336.17850,11.723,0.0012883,2.89,0.010679
0.840/103.78735,11.716,0.0012913,2.889,0.010679
0.678/260.18970,11.712,0.0012929,2.8884,0.010679
1.339/124.07452,11.706,0.0012951,2.8877,0.010679
4.918/430.14967,11.705,0.0012956,2.8875,0.010679
1.580/344.25999,11.607,0.0013357,2.8743,0.010957
4.440/335.09031,11.515,0.001375,2.8617,0.011168
4.660/174.05697,11.507,0.0013787,2.8605,0.011168
4.943/487.23930,11.501,0.0013812,2.8597,0.011168
4.383/128.06899,11.439,0.0014087,2.8512,0.01123
1.388/58.06314,11.431,0.001412,2.8502,0.01123
4.834/301.08419,11.429,0.0014131,2.8498,0.01123
6.007/230.14522,11.424,0.0014154,2.8491,0.01123
4.600/334.19727,11.375,0.0014377,2.8423,0.011322
3.641/60.05345,11.364,0.0014426,2.8409,0.011322
2.232/200.06965,11.344,0.001452,2.838,0.011322
3.660/284.10374,11.34,0.0014536,2.8375,0.011322
6.011/349.20089,11.291,0.0014766,2.8307,0.011449
0.751/116.10573,11.137,0.0015517,2.8092,0.011952
6.006/557.25944,11.13,0.0015556,2.8081,0.011952
3.683/268.02270,11.061,0.0015907,2.7984,0.012166
4.320/246.06331,10.998,0.0016235,2.7895,0.012362
0.667/538.39292,10.98,0.0016332,2.787,0.012381
3.680/274.10888,10.946,0.0016517,2.7821,0.012451
4.918/379.90032,10.936,0.0016572,2.7806,0.012451
3.670/214.06564,10.835,0.0017136,2.7661,0.012818
4.768/370.02709,10.818,0.0017228,2.7638,0.012831
4.300/316.11984,10.773,0.0017492,2.7571,0.012933
0.569/305.12159,10.768,0.0017518,2.7565,0.012933
1.350/132.13725,10.717,0.0017821,2.7491,0.013099
0.744/418.29045,10.697,0.0017937,2.7463,0.013128
2.238/323.22336,10.65,0.0018224,2.7393,0.013281
3.657/270.12288,10.629,0.0018356,2.7362,0.01332
2.133/207.06951,10.612,0.001846,2.7338,0.013338
4.543/495.51946,10.523,0.0019024,2.7207,0.013688
4.795/407.98411,10.508,0.001912,2.7185,0.013699
4.635/266.10893,10.474,0.0019341,2.7135,0.013799
2.213/248.15244,10.425,0.0019668,2.7062,0.013973
4.847/366.18906,10.366,0.0020072,2.6974,0.014201
5.120/262.15355,10.325,0.0020353,2.6914,0.01434
4.350/240.05592,10.138,0.0021716,2.6632,0.015237
4.365/188.57747,10.123,0.0021834,2.6609,0.015257
4.785/252.08436,10.046,0.0022428,2.6492,0.015607
4.452/377.05327,10.016,0.0022664,2.6447,0.015708
4.771/332.06992,9.9921,0.0022859,2.6409,0.015778
4.960/798.82932,9.9589,0.0023129,2.6358,0.0159
4.774/312.04478,9.9432,0.0023258,2.6334,0.015925
4.568/340.02533,9.8597,0.0023959,2.6205,0.016338
4.942/421.24997,9.8384,0.0024142,2.6172,0.016397
1.389/103.78715,9.7539,0.0024884,2.6041,0.016834
4.481/312.04395,9.7277,0.0025121,2.6,0.016927
2.658/469.33638,9.6642,0.0025703,2.59,0.017251
4.666/234.07436,9.6109,0.0026206,2.5816,0.017455
4.424/124.08594,9.6102,0.0026213,2.5815,0.017455
2.897/246.09376,9.5931,0.0026377,2.5788,0.017495
5.115/272.13848,9.5755,0.0026546,2.576,0.017539
0.598/453.18038,9.5042,0.0027248,2.5647,0.01793
2.232/176.12853,9.493,0.0027361,2.5629,0.01793
5.985/184.07492,9.4779,0.0027513,2.5605,0.01793
4.798/363.24092,9.4711,0.0027582,2.5594,0.01793
4.554/161.12776,9.4628,0.0027666,2.558,0.01793
4.307/348.07992,9.4501,0.0027796,2.556,0.017946
0.644/163.11123,9.4225,0.002808,2.5516,0.018061
4.758/368.12880,9.3642,0.0028693,2.5422,0.018385
4.913/81.04237,9.3437,0.0028913,2.5389,0.018427
3.658/135.04639,9.3372,0.0028983,2.5379,0.018427
1.118/202.08686,9.3142,0.0029232,2.5341,0.018427
0.569/189.12884,9.2999,0.0029389,2.5318,0.018427
2.148/577.13362,9.2995,0.0029393,2.5318,0.018427
4.893/322.09790,9.2926,0.0029469,2.5306,0.018427
4.431/427.17400,9.2793,0.0029615,2.5285,0.018427
5.285/475.12571,9.2784,0.0029626,2.5283,0.018427
4.324/285.07467,9.1969,0.0030545,2.5151,0.018929
5.357/310.19225,9.1814,0.0030724,2.5125,0.01897
4.411/222.03162,9.0937,0.003176,2.4981,0.019539
2.882/255.13699,9.0648,0.0032111,2.4933,0.019684
1.689/148.13216,9.0415,0.0032397,2.4895,0.019788
2.140/539.17995,8.9419,0.0033657,2.4729,0.020484
4.914/463.01281,8.8645,0.0034677,2.46,0.021029
4.530/332.56830,8.8473,0.0034908,2.4571,0.02103
4.413/330.10097,8.846,0.0034926,2.4569,0.02103
1.082/197.02140,8.7802,0.0035831,2.4457,0.021431
2.619/352.25016,8.7792,0.0035845,2.4456,0.021431
4.529/524.06958,8.7659,0.0036032,2.4433,0.021467
2.231/337.24076,8.7517,0.0036232,2.4409,0.021511
5.088/541.92150,8.7149,0.0036757,2.4347,0.021747
2.118/173.00212,8.6962,0.0037028,2.4315,0.021831
4.328/337.15079,8.6818,0.0037239,2.429,0.021843
4.568/188.17587,8.6772,0.0037305,2.4282,0.021843
1.534/248.15311,8.6522,0.0037675,2.4239,0.021972
5.360/296.07130,8.6375,0.0037894,2.4214,0.021972
4.914/500.96632,8.6329,0.0037963,2.4206,0.021972
5.040/332.20979,8.6275,0.0038043,2.4197,0.021972
4.258/88.03725,8.6181,0.0038185,2.4181,0.021979
4.917/425.05585,8.5258,0.003961,2.4022,0.022706
4.595/521.16382,8.5191,0.0039715,2.401,0.022706
4.530/542.08165,8.476,0.0040406,2.3936,0.023012
4.565/323.07565,8.4688,0.0040522,2.3923,0.023012
5.114/288.26798,8.45,0.0040828,2.389,0.023109
4.920/447.03642,8.439,0.0041009,2.3871,0.023134
1.053/146.07995,8.4303,0.0041152,2.3856,0.023138
5.060/643.32524,8.4087,0.0041512,2.3818,0.023263
4.794/340.02593,8.2757,0.0043809,2.3584,0.024469
4.549/294.03294,8.2664,0.0043974,2.3568,0.024472
4.418/390.13966,8.2594,0.0044101,2.3556,0.024472
4.670/216.06571,8.12,0.0046699,2.3307,0.025827
2.688/235.16854,8.1123,0.0046848,2.3293,0.025827
2.209/430.20550,8.0544,0.0047985,2.3189,0.026348
3.677/221.99404,8.0485,0.0048103,2.3178,0.026348
2.894/313.06388,8.0124,0.0048831,2.3113,0.026552
4.840/368.01271,8.0084,0.0048914,2.3106,0.026552
0.619/432.24946,8.0069,0.0048945,2.3103,0.026552
1.289/305.97504,7.9571,0.0049976,2.3012,0.027025
4.910/148.14308,7.9433,0.0050266,2.2987,0.027087
4.641/404.22330,7.9364,0.005041,2.2975,0.027087
4.414/289.21108,7.8411,0.0052478,2.28,0.028
1.572/241.15825,7.8377,0.0052554,2.2794,0.028
0.569/207.14037,7.8356,0.0052602,2.279,0.028
2.671/236.17095,7.8267,0.00528,2.2774,0.028017
1.080/256.09701,7.7189,0.0055284,2.2574,0.029195
4.480/368.01205,7.7155,0.0055365,2.2568,0.029195
3.652/202.07173,7.6855,0.0056083,2.2512,0.029483
3.681/257.99636,7.6438,0.0057101,2.2434,0.029925
1.245/204.12438,7.6193,0.0057709,2.2388,0.030151
0.752/223.03806,7.6072,0.0058012,2.2365,0.030216
2.913/275.10682,7.5736,0.0058862,2.2302,0.030565
4.577/516.10228,7.5547,0.0059349,2.2266,0.030675
1.821/132.10033,7.5462,0.0059569,2.225,0.030675
4.455/373.04746,7.5444,0.0059615,2.2246,0.030675
1.117/428.22175,7.5163,0.0060352,2.2193,0.03096
3.677/302.11708,7.4978,0.0060843,2.2158,0.031118
1.973/161.61395,7.4566,0.006195,2.208,0.031431
0.679/298.14504,7.4549,0.0061998,2.2076,0.031431
6.170/294.17804,7.4544,0.0062011,2.2075,0.031431
1.664/206.13905,7.4268,0.0062771,2.2022,0.031722
4.308/184.07490,7.4047,0.0063386,2.198,0.031937
3.668/143.11663,7.3728,0.0064286,2.1919,0.032295
3.683/304.12032,7.3605,0.0064635,2.1895,0.032311
4.592/261.08177,7.3584,0.0064698,2.1891,0.032311
2.955/102.08948,7.2762,0.0067111,2.1732,0.033306
4.415/296.10083,7.2731,0.0067203,2.1726,0.033306
4.352/296.02462,7.2705,0.006728,2.1721,0.033306
1.169/166.13298,7.2314,0.0068471,2.1645,0.033798
4.780/299.69770,7.1996,0.0069458,2.1583,0.034033
2.600/507.29178,7.1971,0.0069537,2.1578,0.034033
0.540/485.15020,7.1949,0.0069605,2.1574,0.034033
4.785/463.01087,7.1903,0.0069749,2.1565,0.034033
4.402/274.19245,7.1552,0.0070864,2.1496,0.034426
4.668/252.08629,7.1522,0.007096,2.149,0.034426
4.420/392.13724,7.1293,0.00717,2.1445,0.034685
4.418/272.06799,7.1231,0.0071902,2.1433,0.034685
4.648/419.92713,7.0609,0.0073968,2.131,0.035512
4.321/182.04455,7.0559,0.0074139,2.13,0.035512
4.593/519.53949,7.0489,0.0074375,2.1286,0.035512
4.785/409.98662,7.0466,0.0074454,2.1281,0.035512
4.672/144.03886,7.0344,0.0074871,2.1257,0.035611
4.550/502.27754,7.0278,0.0075097,2.1244,0.035619
1.339/198.16045,7.0049,0.007589,2.1198,0.035894
2.239/162.11240,6.9257,0.0078714,2.1039,0.037127
1.126/453.26051,6.9096,0.0079304,2.1007,0.03719
4.427/424.08772,6.9044,0.0079495,2.0997,0.03719
4.589/559.12054,6.9042,0.0079505,2.0996,0.03719
4.449/591.09646,6.8666,0.0080904,2.092,0.03774
0.734/599.40981,6.8541,0.0081378,2.0895,0.037794
1.483/205.12714,6.8518,0.0081465,2.089,0.037794
0.577/291.20012,6.8318,0.0082232,2.085,0.037978
5.793/148.05977,6.8298,0.0082308,2.0846,0.037978
2.235/149.06228,6.7835,0.0084111,2.0751,0.038705
0.817/146.11715,6.7372,0.0085966,2.0657,0.039452
4.454/270.14701,6.709,0.0087122,2.0599,0.039874
0.701/516.33258,6.6893,0.0087939,2.0558,0.04014
1.535/203.13995,6.6698,0.0088757,2.0518,0.040405
4.471/405.96881,6.6575,0.0089276,2.0493,0.040532
4.274/138.02180,6.639,0.0090066,2.0454,0.040782
4.769/401.20471,6.6197,0.00909,2.0414,0.04105
4.313/124.99820,6.5704,0.0093074,2.0312,0.04192
5.227/296.06989,6.5296,0.0094918,2.0227,0.042638
4.370/180.08602,6.4954,0.00965,2.0155,0.043234
4.590/543.14361,6.4887,0.0096811,2.0141,0.043259
4.723/75.07301,6.4763,0.0097397,2.0115,0.043407
5.363/303.21662,6.4573,0.0098301,2.0074,0.043695
0.863/241.15856,6.4411,0.0099075,2.004,0.043924
1.131/259.22419,6.4294,0.0099645,2.0015,0.043986
0.760/326.22376,6.4276,0.0099733,2.0012,0.043986
3.677/172.10741,6.4043,0.010087,1.9962,0.044374
5.697/352.93484,6.3768,0.010224,1.9904,0.044858
0.560/179.15347,6.3291,0.010467,1.9802,0.045786
0.676/269.69510,6.3247,0.010489,1.9793,0.045786
0.694/308.98165,6.3151,0.010539,1.9772,0.045886
0.818/145.66846,6.2678,0.010789,1.967,0.046779
4.836/263.12638,6.2638,0.01081,1.9662,0.046779
1.098/227.08715,6.2606,0.010827,1.9655,0.046779
1.671/145.13199,6.2508,0.01088,1.9634,0.046889
4.608/399.98115,6.2246,0.011022,1.9577,0.047383
2.597/390.21018,6.1938,0.011193,1.951,0.047995
3.662/208.11899,6.1848,0.011244,1.9491,0.048091
4.411/130.11979,6.1598,0.011386,1.9436,0.048575
4.443/378.13943,6.1388,0.011507,1.9391,0.048889
5.058/303.18362,6.137,0.011517,1.9387,0.048889
1.577/240.41108,6.1241,0.011592,1.9359,0.049055
4.398/367.06361,6.1203,0.011614,1.935,0.049055
3.672/189.12368,6.1002,0.011732,1.9306,0.049361
4.646/373.03763,6.0982,0.011744,1.9302,0.049361
5.943/428.04682,6.0893,0.011797,1.9282,0.049374
4.547/345.08441,6.0879,0.011806,1.9279,0.049374
1.094/224.95705,6.077,0.011871,1.9255,0.049525
4.332/326.18492,6.0019,0.012333,1.9089,0.051228
1.077/199.01987,6.0009,0.012339,1.9087,0.051228
4.407/295.11809,5.9926,0.012391,1.9069,0.051319
0.710/218.21355,5.9556,0.012628,1.8987,0.052172
0.574/293.21478,5.9472,0.012683,1.8968,0.052271
0.694/395.70561,5.9058,0.012957,1.8875,0.05327
1.253/445.20542,5.8968,0.013017,1.8855,0.053296
4.844/405.96729,5.8955,0.013026,1.8852,0.053296
4.311/346.99594,5.8496,0.013339,1.8749,0.054445
4.834/69.85110,5.8179,0.013561,1.8677,0.05509
3.672/126.08975,5.8178,0.013562,1.8677,0.05509
5.124/220.16711,5.806,0.013645,1.865,0.055296
0.578/345.15415,5.7922,0.013744,1.8619,0.055565
4.602/459.07737,5.7132,0.014325,1.8439,0.057778
4.588/405.96802,5.7021,0.01441,1.8413,0.057982
0.802/237.13617,5.6908,0.014496,1.8387,0.058177
2.910/191.14927,5.6841,0.014548,1.8372,0.058177
4.411/260.21160,5.6823,0.014561,1.8368,0.058177
4.902/308.09553,5.6661,0.014687,1.8331,0.058466
4.427/144.11246,5.6641,0.014703,1.8326,0.058466
0.619/425.14776,5.6341,0.014938,1.8257,0.059265
0.735/137.10622,5.6197,0.015054,1.8224,0.059583
1.169/428.34641,5.5769,0.015402,1.8124,0.060819
4.363/189.16086,5.5686,0.01547,1.8105,0.060948
4.760/355.08997,5.5607,0.015536,1.8087,0.060969
3.666/264.15985,5.5594,0.015547,1.8083,0.060969
5.029/275.17566,5.5449,0.015669,1.805,0.061303
2.127/149.06236,5.5359,0.015745,1.8029,0.061458
4.722/275.17453,5.4748,0.016273,1.7885,0.063374
4.289/276.12308,5.4706,0.016311,1.7875,0.063376
4.530/428.04577,5.4593,0.01641,1.7849,0.063617
1.270/242.08144,5.4179,0.016784,1.7751,0.064847
4.826/362.02134,5.4158,0.016804,1.7746,0.064847
4.424/342.17075,5.4038,0.016914,1.7718,0.065125
0.660/397.11543,5.3963,0.016984,1.77,0.065245
4.415/360.11797,5.3922,0.017022,1.769,0.065245
4.901/346.05235,5.3604,0.017322,1.7614,0.066244
5.382/230.22502,5.3461,0.017458,1.758,0.066615
5.487/514.88660,5.3309,0.017605,1.7544,0.066842
0.526/606.30129,5.3301,0.017612,1.7542,0.066842
0.916/248.15258,5.3277,0.017636,1.7536,0.066842
0.602/424.98495,5.3152,0.017758,1.7506,0.067156
0.969/219.14331,5.2576,0.018334,1.7368,0.06914
0.699/554.28962,5.2547,0.018364,1.736,0.06914
2.744/120.08932,5.2497,0.018415,1.7348,0.069177
2.149/441.09247,5.2052,0.018878,1.724,0.070717
0.693/100.07365,5.2024,0.018908,1.7234,0.070717
5.568/595.24476,5.191,0.019029,1.7206,0.071013
4.397/369.06029,5.1525,0.019444,1.7112,0.072278
0.569/145.10027,5.1504,0.019468,1.7107,0.072278
2.571/474.16942,5.1479,0.019496,1.7101,0.072278
3.677/132.01890,5.1166,0.019843,1.7024,0.073405
3.671/306.06476,5.0765,0.020299,1.6925,0.074928
4.441/245.19778,5.0584,0.020509,1.6881,0.07554
4.548/335.52028,5.0462,0.020653,1.685,0.075906
0.798/181.10833,5.0358,0.020775,1.6825,0.07619
4.898/284.13749,5.0254,0.020899,1.6799,0.076479
0.694/227.03206,5.0175,0.020994,1.6779,0.076663
5.117/365.07986,5.0129,0.021049,1.6768,0.076698
4.645/165.08775,4.9835,0.021407,1.6694,0.077836
4.429/109.07383,4.9698,0.021577,1.666,0.078287
3.678/158.03948,4.954,0.021774,1.6621,0.078833
4.381/186.56561,4.9451,0.021886,1.6598,0.079069
4.439/140.11670,4.9255,0.022136,1.6549,0.079801
0.685/417.71968,4.9216,0.022186,1.6539,0.079814
4.671/303.11741,4.9116,0.022315,1.6514,0.080106
4.940/304.16768,4.9,0.022466,1.6485,0.080481
4.456/328.17251,4.8903,0.022592,1.646,0.080762
4.679/275.05612,4.8825,0.022696,1.6441,0.080962
1.111/588.29153,4.8717,0.022839,1.6413,0.0813
4.597/378.18874,4.8598,0.022998,1.6383,0.081345
6.243/218.97614,4.8597,0.022999,1.6383,0.081345
5.110/230.65572,4.8578,0.023024,1.6378,0.081345
0.527/607.31166,4.8564,0.023043,1.6375,0.081345
5.080/232.14143,4.8387,0.023283,1.633,0.082021
4.320/301.04772,4.8294,0.02341,1.6306,0.082298
4.340/342.16050,4.8236,0.02349,1.6291,0.08241
2.233/161.61273,4.8135,0.02363,1.6265,0.082655
6.145/184.07412,4.8115,0.023658,1.626,0.082655
5.088/234.14461,4.8047,0.023752,1.6243,0.082664
0.777/242.08185,4.8025,0.023782,1.6237,0.082664
0.619/387.19046,4.8001,0.023817,1.6231,0.082664
1.102/547.48481,4.7974,0.023855,1.6224,0.082664
5.321/336.14979,4.7875,0.023994,1.6199,0.082978
4.568/344.03812,4.7818,0.024074,1.6185,0.083085
4.440/173.01946,4.7204,0.024965,1.6027,0.085985
5.380/444.04211,4.7163,0.025027,1.6016,0.086024
4.814/211.00680,4.712,0.025091,1.6005,0.08607
4.816/193.03484,4.7077,0.025155,1.5994,0.086114
0.519/397.78989,4.695,0.025345,1.5961,0.086591
4.834/68.04637,4.6671,0.025772,1.5889,0.087873
1.422/145.66778,4.6634,0.025829,1.5879,0.087892
4.312/242.15117,4.6564,0.025937,1.5861,0.087913
4.996/262.15320,4.6553,0.025954,1.5858,0.087913
4.673/714.31689,4.653,0.025991,1.5852,0.087913
0.703/510.35860,4.6379,0.026227,1.5813,0.088535
4.842/518.11897,4.6191,0.026525,1.5763,0.089364
1.101/693.25570,4.6106,0.026661,1.5741,0.089645
7.015/701.43222,4.5848,0.027079,1.5674,0.090868
4.568/645.15494,4.5741,0.027254,1.5646,0.091278
4.847/423.97887,4.5689,0.02734,1.5632,0.091384
0.527/645.26960,4.5595,0.027497,1.5607,0.091728
3.685/260.05522,4.534,0.027927,1.554,0.092912
4.443/214.06536,4.5319,0.027961,1.5534,0.092912
1.473/204.12473,4.4857,0.028762,1.5412,0.095385
5.373/317.23474,4.4533,0.02934,1.5325,0.096986
4.625/394.98840,4.4522,0.029359,1.5323,0.096986
4.539/408.06639,4.4464,0.029463,1.5307,0.097143
0.776/226.10665,4.4318,0.029729,1.5268,0.09783
4.420/322.16054,4.4237,0.02988,1.5246,0.098134
0.627/293.21536,4.4111,0.030112,1.5213,0.098708
4.363/130.08486,4.4062,0.030203,1.52,0.098814
2.224/468.16311,4.3939,0.030435,1.5166,0.09938
2.364/361.18063,4.3903,0.030503,1.5157,0.099411
3.664/174.08613,4.3687,0.030914,1.5099,0.10056
1.090/306.06588,4.3599,0.031084,1.5075,0.10092
0.744/401.10750,4.346,0.031354,1.5037,0.1016
5.087/261.15781,4.3415,0.031443,1.5025,0.1017
4.751/327.20884,4.3373,0.031525,1.5013,0.10177
5.058/325.16504,4.3329,0.031612,1.5001,0.10178
5.693/487.81507,4.331,0.03165,1.4996,0.10178
4.374/60.07806,4.3249,0.031771,1.498,0.10198
1.285/214.04789,4.3029,0.03221,1.492,0.10312
1.149/309.12559,4.3008,0.032254,1.4914,0.10312
4.758/174.15963,4.298,0.03231,1.4907,0.10312
4.594/392.11660,4.293,0.032412,1.4893,0.10326
1.098/245.09902,4.28,0.032677,1.4858,0.10391
4.413/362.10918,4.2758,0.032765,1.4846,0.10394
0.607/290.21485,4.2735,0.032811,1.484,0.10394
4.277/140.01662,4.2697,0.032889,1.4829,0.104
2.629/257.15093,4.2642,0.033004,1.4814,0.10417
5.477/470.92302,4.258,0.033133,1.4797,0.10438
0.819/210.12482,4.2545,0.033208,1.4788,0.10442
0.760/232.15749,4.2511,0.033278,1.4778,0.10445
4.404/246.18392,4.2431,0.033447,1.4756,0.10472
0.622/558.33496,4.2412,0.033488,1.4751,0.10472
0.744/363.15068,4.2307,0.03371,1.4722,0.10522
2.233/376.13980,4.2183,0.033976,1.4688,0.10563
5.610/266.92724,4.2175,0.033993,1.4686,0.10563
13.293/494.82528,4.216,0.034027,1.4682,0.10563
1.238/407.24781,4.1998,0.034379,1.4637,0.10652
2.219/736.25409,4.1938,0.034509,1.4621,0.10654
5.568/459.28787,4.1938,0.034509,1.4621,0.10654
0.773/217.46645,4.1805,0.034802,1.4584,0.1071
4.815/209.00941,4.1799,0.034817,1.4582,0.1071
4.502/383.13961,4.1609,0.03524,1.453,0.10817
0.660/359.15882,4.1586,0.035294,1.4523,0.10817
1.110/431.14177,4.1485,0.035522,1.4495,0.10868
5.662/234.92676,4.1438,0.035628,1.4482,0.10868
5.060/286.15493,4.1404,0.035706,1.4473,0.10868
1.163/307.12888,4.14,0.035716,1.4471,0.10868
5.114/691.20878,4.1335,0.035865,1.4453,0.10894
4.943/721.98039,4.1252,0.036055,1.443,0.10932
4.604/647.19376,4.1131,0.036338,1.4396,0.10998
2.956/148.09589,4.0959,0.036743,1.4348,0.111
1.068/141.06447,4.0933,0.036804,1.4341,0.111
0.693/195.98854,4.0847,0.037009,1.4317,0.11142
7.128/832.27056,4.0796,0.037132,1.4303,0.11148
13.293/453.79731,4.0778,0.037174,1.4298,0.11148
4.675/262.14338,4.0732,0.037285,1.4285,0.11148
4.935/426.99855,4.0698,0.037367,1.4275,0.11148
4.427/174.12343,4.0697,0.03737,1.4275,0.11148
1.160/210.12547,4.0675,0.037423,1.4269,0.11148
4.650/489.12967,4.064,0.037508,1.4259,0.11154
4.363/166.07029,4.0427,0.03803,1.4199,0.11289
4.753/234.14693,4.0392,0.038116,1.4189,0.11295
2.489/190.10728,4.0356,0.038205,1.4179,0.11302
1.425/146.11740,3.9959,0.039206,1.4067,0.11566
4.824/132.68791,3.9948,0.039233,1.4063,0.11566
0.761/263.15156,3.9813,0.039582,1.4025,0.11648
4.817/502.12398,3.9695,0.039891,1.3991,0.11719
0.669/645.26350,3.9554,0.040262,1.3951,0.11807
0.510/400.81354,3.9501,0.0404,1.3936,0.1182
4.410/152.08989,3.9456,0.040522,1.3923,0.1182
5.439/268.95096,3.944,0.040563,1.3919,0.1182
0.644/167.06961,3.9433,0.040583,1.3917,0.1182
4.698/342.03202,3.9385,0.040711,1.3903,0.11837
4.788/277.15391,3.9191,0.041235,1.3847,0.11969
0.739/567.02479,3.915,0.041348,1.3835,0.11981
4.354/400.96951,3.9082,0.041534,1.3816,0.1199
0.707/255.67843,3.9053,0.041615,1.3808,0.1199
2.348/268.02004,3.9047,0.04163,1.3806,0.1199
4.439/183.54012,3.9012,0.041726,1.3796,0.1199
4.560/733.29565,3.9009,0.041734,1.3795,0.1199
0.770/218.14105,3.891,0.042009,1.3767,0.12049
5.061/486.25476,3.8874,0.04211,1.3756,0.12058
2.241/173.00294,3.8807,0.042297,1.3737,0.12091
4.914/142.09682,3.8755,0.042445,1.3722,0.12113
0.731/664.48378,3.8606,0.042867,1.3679,0.12213
1.575/279.11579,3.8453,0.043307,1.3634,0.12317
0.635/267.21375,3.8322,0.043688,1.3596,0.12394
1.592/244.20377,3.831,0.043722,1.3593,0.12394
4.436/246.03913,3.8241,0.043923,1.3573,0.12415
1.172/384.85702,3.8223,0.043977,1.3568,0.12415
0.527/643.25245,3.8187,0.044083,1.3557,0.12415
4.689/250.09676,3.8185,0.044089,1.3557,0.12415
4.789/201.12379,3.7884,0.04499,1.3469,0.12615
0.513/411.80749,3.7881,0.044998,1.3468,0.12615
0.685/221.16687,3.7873,0.045022,1.3466,0.12615
0.660/404.21775,3.782,0.045183,1.345,0.12639
1.052/86.05758,3.7731,0.045454,1.3424,0.12662
4.737/223.07572,3.7723,0.04548,1.3422,0.12662
2.128/151.05779,3.7709,0.045523,1.3418,0.12662
4.338/186.16110,3.7696,0.045562,1.3414,0.12662
2.903/297.08737,3.7652,0.045697,1.3401,0.12679
6.264/307.91141,3.7569,0.045955,1.3377,0.1273
0.732/278.69995,3.7493,0.04619,1.3355,0.12774
3.674/165.05453,3.7353,0.046631,1.3313,0.12875
1.279/455.13285,3.7325,0.046721,1.3305,0.12879
2.681/132.09998,3.7167,0.047222,1.3259,0.12985
0.596/334.23578,3.7151,0.047274,1.3254,0.12985
4.726/304.07451,3.7111,0.047402,1.3242,0.12985
0.731/594.35955,3.7108,0.047412,1.3241,0.12985
4.919/495.51610,3.7026,0.047677,1.3217,0.13036
0.636/627.21634,3.6932,0.047985,1.3189,0.13099
4.314/192.09761,3.6664,0.048872,1.3109,0.1332
0.705/258.17435,3.6636,0.048963,1.3101,0.13323
2.369/337.24015,3.6614,0.04904,1.3095,0.13323
4.738/379.98812,3.6504,0.049408,1.3062,0.13402
2.460/158.03926,3.644,0.049626,1.3043,0.13433
4.643/337.08644,3.6397,0.049772,1.303,0.13433
0.735/480.98509,3.6393,0.049788,1.3029,0.13433
0.694/271.02412,3.6378,0.04984,1.3024,0.13433
4.791/323.16141,3.6346,0.04995,1.3015,0.13441
1.281/183.00524,3.6308,0.050078,1.3004,0.13454
0.660/251.09450,3.6286,0.050156,1.2997,0.13454
2.233/190.14401,3.624,0.050314,1.2983,0.13475
0.509/419.79466,3.617,0.050558,1.2962,0.13519
1.969/162.11287,3.6101,0.050799,1.2941,0.13562
5.673/518.84453,3.5995,0.05117,1.291,0.1364
0.527/644.25980,3.5879,0.051582,1.2875,0.13728
4.425/96.06563,3.5561,0.052733,1.2779,0.14012
1.131/258.22089,3.5539,0.052814,1.2772,0.14012
4.377/318.18196,3.5494,0.052981,1.2759,0.14035
3.674/132.07474,3.528,0.053776,1.2694,0.14204
2.195/698.29506,3.5277,0.053786,1.2693,0.14204
1.128/415.30075,3.5198,0.054082,1.2669,0.1426
0.635/589.26241,3.4982,0.054908,1.2604,0.14441
5.752/201.63329,3.4973,0.054941,1.2601,0.14441
0.562/191.15138,3.4934,0.055095,1.2589,0.14446
4.374/177.11499,3.4925,0.055128,1.2586,0.14446
0.619/520.37651,3.4823,0.055525,1.2555,0.14527
2.089/525.05826,3.4763,0.055757,1.2537,0.14565
1.284/176.09209,3.4706,0.055984,1.2519,0.14602
4.915/401.20502,3.4617,0.056335,1.2492,0.14671
4.690/399.15438,3.4552,0.056592,1.2472,0.14716
6.943/685.41528,3.4464,0.056945,1.2445,0.14785
0.537/193.17367,3.4214,0.057964,1.2368,0.15016
2.900/269.07202,3.4202,0.058012,1.2365,0.15016
1.279/529.16819,3.418,0.058101,1.2358,0.15016
6.235/434.80346,3.4119,0.058354,1.2339,0.15059
4.405/344.11255,3.4055,0.058621,1.2319,0.15104
4.399/262.10605,3.3999,0.058852,1.2302,0.15107
4.621/341.22583,3.3993,0.058878,1.23,0.15107
2.339/184.09459,3.3979,0.058938,1.2296,0.15107
4.568/284.05615,3.3968,0.058985,1.2293,0.15107
4.831/115.71325,3.388,0.059354,1.2266,0.15178
0.642/223.13503,3.3779,0.059781,1.2234,0.15265
5.027/313.13283,3.3705,0.060098,1.2211,0.15322
4.726/302.21125,3.361,0.060506,1.2182,0.15403
0.516/386.79707,3.3551,0.060764,1.2164,0.15446
0.770/159.06451,3.3426,0.061312,1.2125,0.15562
1.289/573.00013,3.3331,0.061731,1.2095,0.15624
1.052/307.12913,3.3328,0.061742,1.2094,0.15624
2.915/152.07027,3.3177,0.062418,1.2047,0.15772
0.705/296.13147,3.3135,0.062608,1.2034,0.15796
0.510/800.62669,3.2903,0.063662,1.1961,0.16028
5.729/272.88475,3.2884,0.063748,1.1955,0.16028
2.226/296.15723,3.2871,0.063808,1.1951,0.16028
2.680/352.25221,3.2763,0.064309,1.1917,0.16111
0.952/218.14211,3.2759,0.06433,1.1916,0.16111
0.510/424.81752,3.2673,0.064731,1.1889,0.16188
1.683/135.04683,3.2645,0.064861,1.188,0.16196
0.760/211.03833,3.259,0.065123,1.1863,0.16238
0.602/160.04183,3.2515,0.065477,1.1839,0.16302
0.642/587.24541,3.2413,0.065967,1.1807,0.16387
5.117/367.07876,3.2403,0.066013,1.1804,0.16387
4.692/427.10463,3.2339,0.066321,1.1783,0.1642
4.637/232.56932,3.2322,0.066403,1.1778,0.1642
2.135/256.96663,3.2315,0.066436,1.1776,0.1642
4.408/263.12645,3.2245,0.066778,1.1754,0.16481
5.056/341.13920,3.2215,0.066925,1.1744,0.16493
1.277/574.99336,3.1998,0.067994,1.1675,0.16733
5.513/110.00722,3.189,0.068535,1.1641,0.16838
4.777/435.19249,3.1858,0.068693,1.1631,0.16838
4.360/439.11200,3.1834,0.068815,1.1623,0.16838
3.671/194.04846,3.1806,0.068955,1.1614,0.16838
5.666/516.84657,3.1798,0.068998,1.1612,0.16838
4.407/430.09613,3.1794,0.069019,1.161,0.16838
5.674/161.97094,3.1678,0.069611,1.1573,0.16926
1.285/381.90812,3.1665,0.069676,1.1569,0.16926
0.527/666.21119,3.1664,0.06968,1.1569,0.16926
0.727/716.96377,3.1546,0.070288,1.1531,0.1705
4.846/496.16580,3.1511,0.070472,1.152,0.1707
2.370/323.22460,3.1455,0.070762,1.1502,0.17116
1.133/297.18154,3.1411,0.070993,1.1488,0.17131
3.685/287.97457,3.14,0.071049,1.1484,0.17131
1.579/249.99026,3.1386,0.071125,1.148,0.17131
4.957/491.10688,3.136,0.07126,1.1472,0.17139
5.671/322.94000,3.1329,0.071425,1.1461,0.17154
4.419/306.16467,3.1306,0.071546,1.1454,0.17159
0.744/325.19239,3.1263,0.071776,1.144,0.17168
0.635/807.47334,3.1238,0.071904,1.1432,0.17168
4.399/164.05486,3.1225,0.071975,1.1428,0.17168
0.719/114.09004,3.1223,0.071987,1.1427,0.17168
0.776/204.12510,3.0953,0.073442,1.1341,0.17479
4.331/304.20400,3.0943,0.073498,1.1337,0.17479
4.790/322.15991,3.0883,0.073825,1.1318,0.17526
3.676/182.08134,3.0869,0.073902,1.1313,0.17526
4.349/400.95827,3.0804,0.07426,1.1292,0.17577
1.472/260.11038,3.0793,0.074323,1.1289,0.17577
4.690/188.17623,3.0738,0.074627,1.1271,0.17624
4.618/362.02138,3.0695,0.074871,1.1257,0.17655
0.594/826.56856,3.0678,0.074964,1.1251,0.17655
2.660/380.09800,3.0654,0.075095,1.1244,0.17661
2.649/274.12843,3.062,0.075288,1.1233,0.17682
0.510/778.58376,3.0601,0.075396,1.1227,0.17683
0.635/607.45379,3.0575,0.07554,1.1218,0.17692
0.744/342.22061,3.0419,0.076431,1.1167,0.17876
1.292/143.02599,3.038,0.076655,1.1155,0.17889
1.099/283.05597,3.0372,0.076698,1.1152,0.17889
7.237/980.32137,3.0343,0.076866,1.1143,0.17904
0.569/704.54347,3.0296,0.07714,1.1127,0.17919
4.481/350.00265,3.0296,0.07714,1.1127,0.17919
4.422/296.11912,3.0256,0.077371,1.1114,0.17947
0.585/307.19397,3.017,0.077874,1.1086,0.18039
0.594/864.52662,3.0095,0.078316,1.1061,0.18117
4.691/397.91156,3.0074,0.078439,1.1055,0.18121
0.535/563.40498,3.0047,0.078599,1.1046,0.18133
0.745/149.10571,3.0004,0.078851,1.1032,0.18167
0.522/577.37984,2.9938,0.079249,1.101,0.18234
0.643/625.20223,2.9914,0.079391,1.1002,0.18242
3.649/128.06894,2.9845,0.079807,1.098,0.18313
0.518/387.80635,2.9782,0.080188,1.0959,0.18351
0.719/202.13563,2.9782,0.080189,1.0959,0.18351
4.425/123.70517,2.9592,0.081347,1.0897,0.18582
4.844/276.17042,2.9581,0.081417,1.0893,0.18582
4.549/375.28443,2.9361,0.082792,1.082,0.1887
4.540/410.06046,2.9342,0.08291,1.0814,0.18871
5.662/275.95587,2.9289,0.083246,1.0796,0.18896
4.593/306.08031,2.9283,0.083282,1.0794,0.18896
0.632/609.46870,2.9273,0.08335,1.0791,0.18896
4.720/349.23754,2.9211,0.083744,1.077,0.18946
0.535/582.42329,2.9189,0.083886,1.0763,0.18946
4.399/273.34136,2.9186,0.083905,1.0762,0.18946
5.595/350.89101,2.9145,0.084167,1.0749,0.18979
0.577/636.06407,2.911,0.084389,1.0737,0.19004
2.381/163.11516,2.9075,0.084618,1.0725,0.19031
0.744/370.25274,2.902,0.084974,1.0707,0.19048
0.760/272.11209,2.9015,0.085005,1.0706,0.19048
0.507/804.60916,2.9011,0.085031,1.0704,0.19048
5.206/359.25698,2.898,0.085238,1.0694,0.19069
0.754/278.14606,2.8909,0.085702,1.067,0.19148
2.381/162.11247,2.8881,0.085886,1.0661,0.19157
5.359/360.08916,2.8856,0.086051,1.0652,0.19157
2.356/200.06922,2.8838,0.086169,1.0647,0.19157
0.635/305.21665,2.8821,0.086277,1.0641,0.19157
1.110/203.03158,2.8817,0.086309,1.0639,0.19157
5.459/337.97458,2.8788,0.086503,1.063,0.19164
1.341/210.12496,2.8778,0.086565,1.0627,0.19164
2.704/156.04168,2.8729,0.08689,1.061,0.19202
5.310/298.19310,2.8718,0.086964,1.0607,0.19202
0.603/814.51348,2.8669,0.087297,1.059,0.19248
0.627/359.26556,2.8639,0.087495,1.058,0.19248
4.727/423.09473,2.8637,0.087511,1.0579,0.19248
5.120/441.01206,2.8608,0.087707,1.057,0.19259
5.018/361.97818,2.8596,0.087789,1.0566,0.19259
3.677/216.08263,2.8556,0.088058,1.0552,0.19293
0.630/610.47221,2.8452,0.088765,1.0518,0.1942
2.602/234.44078,2.8438,0.088864,1.0513,0.1942
4.290/278.02967,2.8414,0.089027,1.0505,0.1943
5.722/367.87490,2.836,0.0894,1.0487,0.19487
1.052/221.99461,2.8297,0.089839,1.0465,0.19557
4.419/338.15577,2.8162,0.09078,1.042,0.19737
5.516/286.91850,2.799,0.092004,1.0362,0.19977
4.652/245.06419,2.7906,0.092604,1.0334,0.20066
4.947/295.15443,2.79,0.092649,1.0332,0.20066
0.602/774.53018,2.7854,0.092979,1.0316,0.20112
4.704/261.15944,2.7741,0.093806,1.0278,0.20265
0.652/144.06384,2.7643,0.094524,1.0245,0.2038
0.660/284.19080,2.7636,0.09458,1.0242,0.2038
4.311/244.16835,2.7616,0.094729,1.0235,0.20387
4.684/341.05933,2.7575,0.095027,1.0222,0.20425
1.472/250.06239,2.7482,0.095725,1.019,0.20534
3.660/160.10731,2.7459,0.0959,1.0182,0.20534
4.689/212.03421,2.7449,0.095975,1.0178,0.20534
4.692/402.15337,2.7425,0.096153,1.017,0.20534
1.094/429.10640,2.7415,0.096232,1.0167,0.20534
1.131/194.94640,2.7395,0.096377,1.016,0.20534
1.494/389.94134,2.7388,0.096436,1.0158,0.20534
0.775/256.09805,2.7379,0.0965,1.0155,0.20534
0.507/739.48677,2.7331,0.096869,1.0138,0.20586
2.235/202.06811,2.7285,0.097214,1.0123,0.20608
2.228/602.20985,2.7284,0.097224,1.0122,0.20608
0.633/809.49067,2.7269,0.097338,1.0117,0.20608
0.509/405.77725,2.7221,0.097709,1.0101,0.20661
0.590/631.24914,2.7182,0.098007,1.0087,0.20698
4.723/184.55821,2.705,0.099031,1.0042,0.20856
0.639/561.46705,2.7026,0.099222,1.0034,0.20856
0.760/169.13342,2.7026,0.099223,1.0034,0.20856
4.397/371.06993,2.7023,0.099244,1.0033,0.20856
5.518/214.96190,2.7006,0.099376,1.0027,0.20858
5.049/660.01214,2.6968,0.099676,1.0014,0.20873
0.644/559.45172,2.6965,0.099695,1.0013,0.20873
0.634/307.23194,2.6933,0.099949,1.0002,0.20901
0.659/518.33288,2.6851,0.1006,0.99739,0.20985
5.652/247.95889,2.6842,0.10067,0.99708,0.20985
0.710/605.80713,2.6835,0.10073,0.99686,0.20985
2.249/629.27566,2.6799,0.10101,0.99562,0.2102
1.344/307.12739,2.6736,0.10152,0.99346,0.21076
4.281/193.98874,2.6735,0.10153,0.99339,0.21076
6.252/220.87816,2.6636,0.10233,0.98998,0.21216
0.633/591.45847,2.6548,0.10305,0.98696,0.21338
0.683/156.05786,2.6482,0.10359,0.98468,0.21399
0.644/583.29371,2.6466,0.10373,0.98411,0.21399
4.789/218.15196,2.6443,0.10391,0.98333,0.21399
0.719/113.74036,2.6436,0.10397,0.9831,0.21399
2.152/559.16845,2.6436,0.10397,0.98308,0.21399
0.644/759.47142,2.6334,0.10482,0.97955,0.21535
1.169/576.42877,2.6317,0.10496,0.97897,0.21535
5.452/336.92897,2.6311,0.10501,0.97877,0.21535
5.485/517.88553,2.6177,0.10614,0.97413,0.21736
0.510/782.62235,2.6164,0.10625,0.97367,0.21736
5.691/350.93803,2.6106,0.10675,0.97164,0.21812
5.057/681.27952,2.6055,0.10718,0.96988,0.21865
0.535/697.41343,2.6046,0.10726,0.96954,0.21865
0.775/197.02118,2.6027,0.10743,0.96889,0.21872
2.708/234.43918,2.5952,0.10807,0.96628,0.21967
4.346/156.14876,2.5943,0.10815,0.96596,0.21967
4.422/461.11924,2.5894,0.10857,0.96428,0.22026
2.073/391.01161,2.5874,0.10875,0.96357,0.22036
4.649/360.06848,2.585,0.10896,0.96272,0.22053
0.506/842.56727,2.5721,0.11009,0.95824,0.22255
0.535/698.41583,2.5675,0.11051,0.9566,0.223
6.261/177.94868,2.5667,0.11058,0.95632,0.223
0.703/237.05463,2.5629,0.11092,0.95501,0.22341
4.722/185.12784,2.56,0.11117,0.95399,0.22341
0.610/724.51143,2.56,0.11118,0.95398,0.22341
5.674/381.88111,2.5569,0.11146,0.95289,0.2237
1.110/224.05090,2.5418,0.11282,0.94762,0.22617
4.849/364.07443,2.5329,0.11364,0.94446,0.22755
5.049/372.55404,2.5223,0.11462,0.94076,0.22923
0.696/365.16769,2.5207,0.11476,0.9402,0.22926
0.535/581.41767,2.5175,0.11506,0.93906,0.22959
4.538/252.08503,2.5148,0.11532,0.9381,0.22966
0.577/598.31755,2.5142,0.11537,0.9379,0.22966
0.644/757.45188,2.5081,0.11595,0.93573,0.23054
1.321/389.94112,2.5057,0.11617,0.93489,0.23062
4.660/307.08985,2.5029,0.11644,0.9339,0.23062
0.534/641.43873,2.5023,0.1165,0.93367,0.23062
1.533/286.10799,2.5019,0.11653,0.93355,0.23062
0.590/593.29480,2.4953,0.11717,0.93119,0.23161
0.801/307.12879,2.4903,0.11764,0.92943,0.23228
1.052/184.03548,2.4885,0.11781,0.9288,0.23234
0.597/802.57113,2.4858,0.11807,0.92786,0.23258
1.102/549.50021,2.4817,0.11847,0.92639,0.2331
0.602/816.52332,2.4778,0.11885,0.92501,0.2333
4.993/602.88263,2.4778,0.11885,0.925,0.2333
0.633/788.55933,2.4741,0.11921,0.9237,0.23373
4.848/402.03120,2.4696,0.11965,0.92209,0.23423
0.627/409.72078,2.4687,0.11974,0.92177,0.23423
1.105/521.47075,2.4645,0.12015,0.92028,0.23477
2.920/178.00952,2.4547,0.12112,0.9168,0.23639
0.585/669.20562,2.453,0.12129,0.91619,0.23644
2.642/273.12590,2.4452,0.12206,0.91342,0.2372
0.920/431.03862,2.4444,0.12214,0.91314,0.2372
2.246/184.09384,2.4443,0.12216,0.91309,0.2372
5.659/345.93143,2.4435,0.12223,0.91282,0.2372
5.665/438.92309,2.4381,0.12278,0.91087,0.23777
0.588/690.15057,2.436,0.12299,0.91014,0.23777
6.236/272.84878,2.4351,0.12308,0.90982,0.23777
4.468/573.32188,2.435,0.12309,0.90979,0.23777
0.602/778.56574,2.4294,0.12366,0.90776,0.23861
2.138/843.22663,2.4173,0.1249,0.90345,0.24059
4.569/581.82902,2.4166,0.12497,0.90319,0.24059
5.053/622.05402,2.4091,0.12575,0.90051,0.24181
0.510/406.78620,2.4042,0.12626,0.89875,0.24247
0.635/368.72766,2.403,0.12638,0.89833,0.24247
4.531/580.03878,2.4009,0.1266,0.89756,0.24263
0.510/780.59939,2.3989,0.12681,0.89684,0.24276
3.677/145.09722,2.3941,0.12732,0.89511,0.24308
4.504/463.10962,2.3917,0.12757,0.89425,0.24308
0.660/376.18440,2.3909,0.12765,0.89398,0.24308
1.108/700.29388,2.3904,0.1277,0.8938,0.24308
0.635/309.24632,2.3891,0.12785,0.89331,0.24308
7.235/1001.25015,2.3886,0.12789,0.89316,0.24308
4.595/685.15354,2.387,0.12807,0.89257,0.24308
3.660/315.60949,2.3864,0.12813,0.89236,0.24308
4.944/342.12265,2.379,0.12891,0.8897,0.2443
4.604/518.14302,2.3744,0.12941,0.88804,0.24496
5.675/379.88398,2.3696,0.12992,0.88631,0.24567
4.651/378.07963,2.3637,0.13056,0.88417,0.24661
2.630/275.12378,2.358,0.13119,0.8821,0.24751
4.636/434.16028,2.3554,0.13147,0.88117,0.24763
0.776/145.04843,2.3547,0.13154,0.88093,0.24763
1.477/230.06208,2.3517,0.13188,0.87982,0.24786
0.658/539.26263,2.351,0.13196,0.87956,0.24786
2.355/202.06693,2.3355,0.13367,0.87396,0.2508
0.677/409.19516,2.3335,0.13389,0.87325,0.25094
0.563/405.23398,2.3273,0.13458,0.871,0.25196
4.677/360.26421,2.3185,0.13558,0.86779,0.25355
5.058/453.03018,2.3155,0.13593,0.86669,0.25361
4.516/315.99917,2.3149,0.136,0.86648,0.25361
2.235/136.04943,2.3138,0.13612,0.86608,0.25361
4.641/277.15407,2.3107,0.13647,0.86496,0.25361
3.660/118.08540,2.3094,0.13662,0.86448,0.25361
0.504/830.62403,2.3092,0.13665,0.8644,0.25361
4.417/320.14475,2.309,0.13667,0.86433,0.25361
0.585/165.13672,2.3078,0.13681,0.86388,0.25361
0.635/311.26303,2.3064,0.13697,0.86338,0.25363
5.059/302.24080,2.3021,0.13746,0.86184,0.25425
5.787/273.89731,2.2955,0.13822,0.85941,0.25539
0.677/151.12273,2.2804,0.13999,0.85391,0.25837
5.077/498.01584,2.2743,0.14071,0.85167,0.25942
2.145/709.18075,2.2658,0.14173,0.84854,0.26102
5.344/331.25189,2.2623,0.14214,0.84728,0.26149
4.308/208.09403,2.259,0.14254,0.84605,0.26195
0.510/730.58898,2.2563,0.14286,0.84507,0.26225
1.249/85.02618,2.2539,0.14316,0.84417,0.26251
4.657/522.08503,2.2505,0.14357,0.84294,0.26298
2.130/134.63271,2.2455,0.14419,0.84108,0.26368
0.714/597.35584,2.2448,0.14427,0.84084,0.26368
0.644/562.36160,2.243,0.14449,0.84017,0.26381
4.924/348.21879,2.2365,0.14528,0.83778,0.26474
0.635/547.48386,2.2363,0.14531,0.83771,0.26474
0.510/792.54802,2.2339,0.14561,0.83681,0.265
1.490/166.13301,2.2303,0.14604,0.83552,0.26539
0.742/208.96269,2.2286,0.14626,0.83486,0.26539
2.137/135.04696,2.2281,0.14632,0.8347,0.26539
1.285/140.06863,2.2262,0.14656,0.83398,0.26539
0.535/659.44957,2.2258,0.14661,0.83384,0.26539
1.094/323.01038,2.2231,0.14694,0.83285,0.26572
1.277/144.10081,2.2134,0.14816,0.82928,0.26728
1.689/137.04211,2.2129,0.14822,0.82908,0.26728
1.320/212.10427,2.2125,0.14828,0.82893,0.26728
1.232/408.25128,2.2099,0.14861,0.82796,0.26759
0.638/761.48837,2.2051,0.14921,0.8262,0.26839
0.560/239.13076,2.2037,0.14938,0.82569,0.26842
5.085/505.95868,2.1985,0.15005,0.82375,0.26934
5.693/496.88027,2.1943,0.1506,0.82219,0.26981
2.194/510.18317,2.194,0.15064,0.82207,0.26981
0.662/453.22260,2.1887,0.15132,0.82011,0.27075
5.054/744.10628,2.1854,0.15174,0.81889,0.27122
6.235/394.76314,2.1782,0.15267,0.81623,0.2726
0.735/593.21638,2.176,0.15297,0.8154,0.27283
4.887/219.00619,2.1744,0.15318,0.81479,0.27283
0.677/388.26474,2.1736,0.15329,0.81449,0.27283
4.421/278.02873,2.163,0.15468,0.81058,0.27478
0.587/692.14834,2.1619,0.15483,0.81015,0.27478
5.671/327.92016,2.1616,0.15487,0.81004,0.27478
5.455/602.87496,2.1497,0.15646,0.80561,0.27731
1.540/227.03300,2.1455,0.15702,0.80404,0.27802
4.696/465.06144,2.1404,0.15771,0.80215,0.27895
1.327/597.35862,2.1389,0.15792,0.80157,0.27902
0.660/253.10956,2.1364,0.15826,0.80062,0.27934
5.402/442.97357,2.1286,0.15932,0.79772,0.28093
4.675/330.60299,2.1248,0.15985,0.79628,0.28156
2.391/161.61337,2.1209,0.16038,0.79485,0.2822
2.308/143.02531,2.1196,0.16056,0.79436,0.28223
1.248/145.04828,2.1172,0.1609,0.79344,0.28253
0.777/379.14557,2.1116,0.16167,0.79137,0.28359
0.777/258.09471,2.109,0.16204,0.79037,0.28395
0.734/556.40227,2.1051,0.16259,0.78892,0.28434
4.452/542.08372,2.105,0.1626,0.78888,0.28434
1.361/146.11769,2.0989,0.16347,0.78657,0.28556
0.660/395.87765,2.0968,0.16376,0.78579,0.28578
0.660/402.95734,2.0942,0.16414,0.78479,0.28615
2.852/120.08902,2.0925,0.16438,0.78416,0.28616
5.670/329.91740,2.0916,0.1645,0.78383,0.28616
5.459/200.97382,2.0905,0.16465,0.78343,0.28616
0.708/180.15772,2.0881,0.165,0.78252,0.28647
1.101/655.29848,2.0821,0.16586,0.78026,0.28767
0.503/868.58285,2.0806,0.16607,0.7797,0.28775
0.510/754.58924,2.0754,0.16683,0.77774,0.28876
0.508/818.55735,2.074,0.16703,0.77721,0.28881
5.518/174.93092,2.0714,0.16742,0.7762,0.28919
1.295/230.06198,2.0661,0.16818,0.77421,0.29022
4.660/635.16244,2.0609,0.16895,0.77225,0.291
0.669/147.09051,2.0604,0.16903,0.77205,0.291
5.685/470.87962,2.0595,0.16915,0.77172,0.291
5.676/422.90975,2.0578,0.16941,0.77107,0.29115
5.865/528.72651,2.0521,0.17025,0.76892,0.2923
7.177/934.32393,2.0484,0.1708,0.76751,0.29295
4.827/500.10682,2.0458,0.17118,0.76653,0.29331
1.166/448.37497,2.0431,0.1716,0.76548,0.29373
1.327/553.32962,2.0417,0.1718,0.76497,0.29374
4.775/200.12075,2.0395,0.17214,0.76413,0.29374
0.587/265.14715,2.0375,0.17243,0.76339,0.29374
4.286/285.58500,2.0372,0.17248,0.76327,0.29374
2.003/230.06159,2.0371,0.1725,0.76321,0.29374
0.760/270.11465,2.0361,0.17264,0.76285,0.29374
5.674/202.99888,2.0347,0.17285,0.76232,0.2938
3.660/117.72333,2.0315,0.17334,0.76111,0.29403
4.903/265.14233,2.0307,0.17346,0.7608,0.29403
4.481/349.97607,2.0304,0.17351,0.76068,0.29403
1.277/521.02286,2.0292,0.17368,0.76024,0.29403
5.435/382.93474,2.0274,0.17396,0.75954,0.29421
0.760/231.43921,2.0214,0.17488,0.75725,0.29548
2.387/102.09030,2.017,0.17556,0.75557,0.29633
5.968/174.88615,2.0134,0.17611,0.75423,0.29674
1.249/648.33038,2.0131,0.17616,0.7541,0.29674
2.923/231.11408,2.01,0.17664,0.75292,0.29725
0.702/641.38545,2.0089,0.17681,0.75249,0.29725
4.639/335.08975,2.0078,0.17698,0.75207,0.29725
5.676/501.82427,2.0065,0.17718,0.75159,0.29728
3.671/161.16311,2.0048,0.17745,0.75093,0.29744
4.453/332.56758,2.0032,0.1777,0.75031,0.29757
1.304/268.02050,2.0009,0.17806,0.74943,0.29788
4.630/642.21072,1.997,0.17866,0.74797,0.29859
4.760/370.08150,1.9944,0.17907,0.74697,0.29899
2.784/117.72218,1.9923,0.17941,0.74616,0.29924
5.345/337.17684,1.9754,0.1821,0.73968,0.30344
1.347/166.13335,1.9645,0.18386,0.73551,0.30606
5.054/379.09569,1.9632,0.18408,0.735,0.30606
0.594/204.15079,1.9623,0.18421,0.73469,0.30606
0.668/544.36491,1.9585,0.18483,0.73323,0.30679
5.483/375.90603,1.9562,0.18522,0.73232,0.30692
0.644/85.02602,1.9554,0.18534,0.73202,0.30692
2.929/138.05451,1.9547,0.18545,0.73177,0.30692
5.424/110.00713,1.9535,0.18566,0.73128,0.30697
0.760/193.03763,1.951,0.18608,0.73031,0.30719
4.660/613.17973,1.9505,0.18616,0.73012,0.30719
5.906/348.07789,1.9463,0.18685,0.72851,0.30803
2.505/246.09321,1.9395,0.18797,0.72592,0.30942
0.635/174.18466,1.939,0.18806,0.72571,0.30942
5.452/372.90595,1.9359,0.18857,0.72453,0.30967
0.510/756.60573,1.9359,0.18857,0.72452,0.30967
5.451/298.94692,1.9327,0.18911,0.72329,0.30987
0.890/232.15650,1.9324,0.18917,0.72315,0.30987
5.735/417.84227,1.9319,0.18924,0.72299,0.30987
1.795/190.10775,1.9296,0.18963,0.72209,0.31021
0.653/497.24772,1.9264,0.19017,0.72085,0.3108
2.302/692.21991,1.9212,0.19105,0.71886,0.31192
0.510/768.54677,1.9177,0.19164,0.71751,0.31259
0.744/576.34168,1.9155,0.19202,0.71666,0.31291
5.703/485.81676,1.9144,0.19222,0.71621,0.31293
0.710/152.06980,1.9079,0.19333,0.7137,0.31444
5.668/614.82329,1.8994,0.1948,0.71041,0.31641
5.462/374.90426,1.8987,0.19492,0.71015,0.31641
4.682/278.57772,1.893,0.19592,0.70793,0.31759
0.635/467.27543,1.8921,0.19607,0.70759,0.31759
4.751/202.15596,1.8909,0.19629,0.7071,0.31759
0.871/250.06196,1.8903,0.19639,0.70688,0.31759
5.385/236.90763,1.8853,0.19727,0.70494,0.31871
0.727/562.86336,1.883,0.19767,0.70405,0.31906
4.338/372.12803,1.8687,0.20022,0.69848,0.32287
1.333/441.27397,1.8673,0.20048,0.69793,0.32297
0.644/541.27828,1.8439,0.20473,0.68882,0.32911
3.655/205.11899,1.8438,0.20475,0.68878,0.32911
1.319/428.34921,1.8432,0.20487,0.68852,0.32911
0.657/669.33248,1.8386,0.20571,0.68674,0.33015
1.502/268.01921,1.8353,0.20632,0.68546,0.33082
5.657/577.86073,1.8335,0.20666,0.68475,0.33104
4.639/464.13845,1.8322,0.2069,0.68425,0.33111
0.744/378.96795,1.8202,0.20916,0.67952,0.33442
4.599/324.09602,1.8167,0.20982,0.67814,0.33513
0.577/642.34278,1.8157,0.21,0.67778,0.33513
4.776/238.07866,1.8046,0.21212,0.67343,0.33819
3.665/308.08063,1.8026,0.21251,0.67262,0.3385
2.369/453.79752,1.7976,0.21348,0.67065,0.33971
5.667/488.88872,1.7966,0.21367,0.67025,0.33971
2.606/158.03933,1.7935,0.21427,0.66905,0.34003
0.744/635.22810,1.7935,0.21427,0.66903,0.34003
5.481/403.90443,1.791,0.21475,0.66807,0.34047
1.488/194.16492,1.7884,0.21525,0.66705,0.34095
0.510/794.56479,1.7831,0.2163,0.66494,0.34229
5.463/201.97443,1.7753,0.21783,0.66187,0.3444
4.477/195.00341,1.774,0.21808,0.66138,0.34447
1.101/671.29339,1.7669,0.21951,0.65855,0.34587
1.994/143.02633,1.7666,0.21956,0.65845,0.34587
2.328/230.06102,1.7665,0.21958,0.6584,0.34587
6.202/310.80916,1.7651,0.21985,0.65787,0.34598
3.644/146.08098,1.7639,0.2201,0.65737,0.34605
7.086/758.25068,1.7587,0.22114,0.65532,0.34737
7.181/906.29128,1.7576,0.22138,0.65487,0.34741
0.569/534.01558,1.7481,0.22329,0.65114,0.34954
5.741/515.81043,1.7481,0.22329,0.65112,0.34954
5.981/582.67348,1.7478,0.22335,0.65102,0.34954
4.728/258.15903,1.7349,0.22601,0.64588,0.35314
4.720/184.12495,1.7346,0.22607,0.64576,0.35314
0.719/445.13442,1.7321,0.22658,0.64479,0.35361
7.076/779.17957,1.7305,0.22691,0.64414,0.35381
4.799/246.15904,1.725,0.22806,0.64195,0.35517
7.174/927.22687,1.7243,0.22821,0.64167,0.35517
1.994/268.01764,1.7195,0.22921,0.63977,0.35641
2.282/418.08408,1.7134,0.2305,0.63733,0.35809
1.176/198.07758,1.7089,0.23146,0.63553,0.35894
5.552/615.91076,1.708,0.23164,0.63518,0.35894
4.636/447.19185,1.7075,0.23174,0.63499,0.35894
2.227/604.20157,1.7068,0.2319,0.63471,0.35894
5.954/312.81221,1.7034,0.23261,0.63338,0.35972
2.923/94.06266,1.7022,0.23288,0.63287,0.35981
2.580/58.06266,1.7008,0.23316,0.63234,0.35992
5.673/179.98148,1.6985,0.23367,0.63141,0.36037
2.260/501.12070,1.6949,0.23444,0.62998,0.36123
7.022/663.47525,1.6877,0.236,0.62708,0.36331
0.535/700.95858,1.6803,0.23761,0.62414,0.36545
1.102/385.01875,1.6775,0.23823,0.62301,0.3659
4.684/336.10131,1.677,0.23833,0.62282,0.3659
5.439/270.94958,1.6733,0.23914,0.62134,0.3665
0.566/215.14443,1.6727,0.23928,0.62109,0.3665
1.321/758.25081,1.6723,0.23937,0.62093,0.3665
2.137/575.13688,1.6656,0.24085,0.61825,0.36844
0.665/432.29241,1.6645,0.2411,0.6178,0.36849
5.661/504.90264,1.6632,0.24139,0.61728,0.3686
0.652/138.12692,1.6619,0.24167,0.61678,0.36869
4.410/174.60446,1.6547,0.24329,0.61387,0.37083
2.244/135.04681,1.6484,0.24471,0.61135,0.37222
0.759/553.24323,1.6477,0.24486,0.61108,0.37222
1.110/576.25103,1.6466,0.24512,0.61063,0.37222
5.447/184.96126,1.6459,0.24527,0.61035,0.37222
5.521/215.95892,1.6458,0.24529,0.61031,0.37222
0.760/467.20170,1.643,0.24594,0.60918,0.37286
4.661/269.57018,1.6403,0.24656,0.60808,0.37345
5.437/182.96348,1.6391,0.24681,0.60763,0.37345
5.018/330.05359,1.6384,0.24698,0.60733,0.37345
0.644/222.94957,1.6374,0.24721,0.60693,0.37346
1.092/486.20417,1.6319,0.24847,0.60473,0.37502
4.768/287.00413,1.6308,0.24874,0.60426,0.37509
0.667/460.32370,1.6298,0.24896,0.60387,0.37509
2.370/103.03762,1.628,0.24936,0.60317,0.37537
4.956/510.08430,1.6238,0.25035,0.60145,0.37653
5.662/277.95449,1.6205,0.25111,0.60014,0.37732
1.094/321.01348,1.6186,0.25155,0.59937,0.37738
5.674/420.91226,1.6185,0.25158,0.59932,0.37738
0.637/585.30489,1.6143,0.25257,0.59762,0.37852
3.666/162.11104,1.6069,0.25432,0.59462,0.3799
0.760/446.27135,1.6066,0.25438,0.59452,0.3799
5.662/563.82431,1.6066,0.25438,0.59452,0.3799
0.665/625.30268,1.6065,0.2544,0.59449,0.3799
4.583/581.10042,1.6056,0.25461,0.59412,0.3799
0.742/393.16899,1.5946,0.25723,0.58968,0.38348
5.218/680.94914,1.5927,0.2577,0.58888,0.38384
4.492/264.02320,1.5916,0.25795,0.58847,0.38387
4.586/597.07541,1.5902,0.2583,0.58788,0.38405
0.635/545.46905,1.5884,0.25873,0.58716,0.38411
1.294/576.42151,1.5881,0.25879,0.58705,0.38411
2.146/443.08925,1.5848,0.2596,0.58569,0.38498
4.523/562.02807,1.581,0.26051,0.58418,0.38599
1.335/465.27677,1.576,0.26174,0.58214,0.38728
4.798/245.39492,1.5756,0.26184,0.58197,0.38728
5.496/289.91685,1.5719,0.26274,0.58047,0.38828
0.644/520.34733,1.5701,0.26318,0.57975,0.38859
1.506/244.20451,1.5673,0.26388,0.57859,0.38929
2.277/307.04747,1.5661,0.26418,0.5781,0.38939
0.629/608.40473,1.5635,0.26481,0.57706,0.38985
2.752/275.12321,1.5629,0.26495,0.57683,0.38985
5.656/302.90465,1.5584,0.26607,0.575,0.39056
1.056/500.16939,1.5576,0.26628,0.57467,0.39056
5.110/626.99372,1.5575,0.26631,0.57461,0.39056
0.759/533.31626,1.5573,0.26635,0.57454,0.39056
2.931/137.63036,1.5561,0.26666,0.57405,0.39067
2.423/494.82402,1.5544,0.26708,0.57336,0.39095
4.899/463.96896,1.5529,0.26746,0.57274,0.39117
2.327/305.97813,1.5506,0.26803,0.57182,0.39167
5.829/294.82686,1.5454,0.26934,0.5697,0.39298
0.669/495.23495,1.5452,0.26939,0.56962,0.39298
4.885/467.10368,1.5427,0.27001,0.56862,0.39354
5.444/296.94796,1.5405,0.27058,0.5677,0.39404
0.628/629.32909,1.5379,0.27125,0.56663,0.39467
5.661/463.87273,1.5341,0.27221,0.56509,0.39521
0.752/511.23064,1.5332,0.27245,0.56471,0.39521
5.670/449.86034,1.5321,0.27273,0.56427,0.39521
5.960/446.74232,1.532,0.27274,0.56426,0.39521
5.714/578.81231,1.5319,0.27278,0.56418,0.39521
2.118/65.01964,1.5256,0.27439,0.56163,0.39694
4.545/266.10894,1.5249,0.27458,0.56134,0.39694
2.231/137.04224,1.5245,0.27468,0.56117,0.39694
0.682/132.10030,1.5221,0.2753,0.56019,0.3975
5.433/450.91365,1.521,0.27558,0.55975,0.39756
5.673/540.85417,1.5169,0.27666,0.55806,0.39848
5.474/630.87274,1.516,0.27687,0.55772,0.39848
0.652/476.31954,1.5153,0.27706,0.55743,0.39848
0.719/351.20937,1.515,0.27715,0.55728,0.39848
4.657/689.09095,1.5123,0.27786,0.55618,0.39915
5.457/574.88020,1.5092,0.27865,0.55494,0.39965
0.519/665.44417,1.5092,0.27867,0.55491,0.39965
5.535/213.96163,1.5078,0.27902,0.55436,0.39981
0.857/260.10938,1.5024,0.28044,0.55216,0.40141
5.648/416.89109,1.5018,0.28061,0.5519,0.40141
4.418/234.11038,1.5004,0.28097,0.55134,0.40159
4.333/303.26097,1.4936,0.28278,0.54856,0.40383
7.027/708.53176,1.4904,0.28364,0.54724,0.40472
1.494/85.07391,1.4867,0.28463,0.54572,0.4058
1.273/493.12417,1.4773,0.28718,0.54185,0.40909
1.105/215.03366,1.4746,0.2879,0.54075,0.40977
5.373/405.02064,1.4737,0.28815,0.54038,0.40979
5.215/642.99060,1.4719,0.28865,0.53963,0.41015
4.769/249.04847,1.4692,0.28939,0.53852,0.41085
1.098/611.48388,1.4611,0.29161,0.5352,0.41293
0.777/203.49435,1.4605,0.29177,0.53496,0.41293
5.665/556.86780,1.4598,0.29198,0.53465,0.41293
2.700/158.03919,1.4598,0.29198,0.53464,0.41293
5.442/612.90577,1.4595,0.29207,0.53452,0.41293
0.669/474.30602,1.4577,0.29256,0.53379,0.41295
0.612/247.01575,1.4577,0.29256,0.53378,0.41295
4.645/511.10905,1.4556,0.29313,0.53294,0.4134
5.234/317.26036,1.4536,0.2937,0.5321,0.41385
5.059/363.12235,1.4507,0.29449,0.53093,0.41463
0.752/490.30020,1.4485,0.29511,0.53002,0.41508
5.643/676.80985,1.4479,0.2953,0.52974,0.41508
1.285/373.96668,1.4428,0.29671,0.52767,0.41593
5.673/610.83115,1.4423,0.29687,0.52744,0.41593
4.770/324.96222,1.442,0.29694,0.52733,0.41593
0.769/421.26515,1.4409,0.29727,0.52686,0.41593
7.124/853.19774,1.4407,0.2973,0.5268,0.41593
2.225/334.11445,1.4405,0.29737,0.5267,0.41593
1.101/153.00516,1.4355,0.29878,0.52465,0.41755
5.479/516.88655,1.4346,0.29903,0.52428,0.41756
0.519/621.41529,1.4327,0.29959,0.52347,0.41796
2.257/73.02557,1.4316,0.2999,0.52303,0.41796
0.635/564.37561,1.4305,0.30019,0.5226,0.41796
5.658/304.90294,1.4302,0.3003,0.52245,0.41796
4.810/379.06380,1.4289,0.30067,0.52191,0.41813
5.670/447.86206,1.4278,0.30097,0.52148,0.4182
1.277/307.97489,1.4248,0.30184,0.52022,0.41907
4.660/415.13286,1.4231,0.30232,0.51954,0.4191
1.319/198.07360,1.423,0.30236,0.51948,0.4191
4.301/190.08235,1.4171,0.30406,0.51704,0.42112
4.659/484.12870,1.4106,0.30596,0.51434,0.42315
5.674/499.82665,1.4103,0.30602,0.51425,0.42315
2.641/157.04493,1.4087,0.3065,0.51357,0.42346
4.760/430.15003,1.4059,0.30731,0.51242,0.42424
0.594/377.22139,1.4046,0.3077,0.51187,0.42444
4.834/352.08596,1.4012,0.30871,0.51045,0.42448
2.410/317.15326,1.3999,0.30907,0.50994,0.42448
4.985/336.95522,1.3997,0.30915,0.50983,0.42448
0.741/292.92690,1.3995,0.30921,0.50975,0.42448
4.494/218.07741,1.3995,0.30921,0.50974,0.42448
4.530/232.08424,1.3987,0.30943,0.50944,0.42448
4.661/538.14111,1.3985,0.30948,0.50936,0.42448
5.668/490.88744,1.3936,0.31095,0.50731,0.42595
0.729/620.36756,1.3932,0.31106,0.50716,0.42595
4.636/504.09602,1.3897,0.3121,0.50571,0.42703
5.462/226.98990,1.388,0.31262,0.50499,0.42739
5.543/184.96132,1.3811,0.31469,0.50212,0.42988
4.499/427.81297,1.3801,0.31498,0.50172,0.42993
1.246/203.49375,1.3701,0.31801,0.49756,0.43372
5.398/312.92561,1.3658,0.31934,0.49575,0.43518
5.662/318.98172,1.3624,0.32037,0.49435,0.43624
5.444/500.91841,1.359,0.3214,0.49296,0.43728
4.796/470.28631,1.3569,0.32206,0.49206,0.43752
4.810/298.99586,1.3568,0.32209,0.49203,0.43752
0.760/72.04171,1.3531,0.32323,0.49049,0.43872
4.423/266.10936,1.3478,0.32487,0.48829,0.44059
5.120/527.27522,1.346,0.32544,0.48753,0.44102
5.535/112.00434,1.3444,0.32593,0.48688,0.44133
5.389/198.94073,1.3424,0.32658,0.486,0.44187
4.496/467.10417,1.3406,0.32715,0.48526,0.44227
2.906/140.06033,1.3388,0.32769,0.48454,0.44265
0.743/171.05826,1.3318,0.32992,0.48159,0.44532
0.759/532.31225,1.3307,0.33027,0.48113,0.44544
5.635/418.88807,1.3279,0.33116,0.47996,0.44628
4.648/527.08666,1.3204,0.33355,0.47685,0.44881
5.510/327.94631,1.3203,0.33357,0.47681,0.44881
4.507/465.10276,1.316,0.33496,0.47501,0.45003
5.443/498.92043,1.3159,0.335,0.47495,0.45003
0.728/641.30305,1.3115,0.33641,0.47313,0.45156
0.512/720.53931,1.3102,0.33686,0.47256,0.4518
5.443/606.87921,1.3091,0.33721,0.4721,0.45191
4.977/207.00589,1.3075,0.33771,0.47146,0.45191
5.673/662.79410,1.3074,0.33774,0.47142,0.45191
4.495/451.13088,1.3057,0.33829,0.47071,0.45229
4.656/651.13673,1.304,0.33885,0.46999,0.45269
5.726/313.91161,1.3019,0.33954,0.46911,0.45308
1.492/212.10459,1.3015,0.33968,0.46894,0.45308
4.860/424.01563,1.2996,0.3403,0.46814,0.45355
5.538/182.96396,1.2937,0.34224,0.46567,0.45578
5.410/726.89151,1.2904,0.34332,0.4643,0.45686
0.694/458.30751,1.2881,0.34409,0.46333,0.45753
5.673/660.79661,1.2851,0.3451,0.46206,0.45846
4.736/67.05180,1.2844,0.34533,0.46176,0.45846
0.519/600.48191,1.2835,0.34563,0.46138,0.4585
4.383/82.06227,1.2809,0.34648,0.46032,0.45927
4.570/177.12365,1.2796,0.34693,0.45975,0.45951
0.701/228.11577,1.2775,0.34763,0.45889,0.46007
2.585/140.06655,1.2735,0.34898,0.45719,0.46146
4.337/338.16543,1.2728,0.34922,0.4569,0.46146
2.952/208.03397,1.2708,0.34989,0.45607,0.46199
4.845/314.12665,1.2652,0.35181,0.45369,0.46416
5.958/310.81476,1.2621,0.35285,0.45241,0.46517
5.210/612.97951,1.2598,0.35363,0.45145,0.46584
0.778/215.14020,1.2536,0.35575,0.44885,0.46827
4.902/237.01781,1.2519,0.35637,0.4481,0.46872
5.673/542.85188,1.2464,0.35826,0.44581,0.47083
5.215/605.03340,1.2433,0.35932,0.44451,0.47187
5.459/488.89144,1.2375,0.36135,0.44208,0.47397
4.950/507.09528,1.2372,0.36148,0.44191,0.47397
5.535/66.01626,1.2362,0.36183,0.44149,0.47407
5.661/506.90177,1.2334,0.36279,0.44034,0.47496
4.658/275.57127,1.2301,0.36397,0.43894,0.47613
1.455/165.10184,1.229,0.36434,0.43849,0.47625
0.510/675.28654,1.2276,0.36484,0.4379,0.47654
2.849/201.98917,1.2211,0.36716,0.43514,0.4792
0.765/420.30652,1.2193,0.36781,0.43437,0.47948
5.652/188.92003,1.2183,0.36817,0.43395,0.47948
4.737/137.10197,1.2181,0.36822,0.43389,0.47948
7.079/786.28103,1.2141,0.36968,0.43217,0.48101
5.655/579.85755,1.2055,0.37278,0.42854,0.48441
5.563/223.99123,1.2052,0.37287,0.42845,0.48441
0.519/753.50175,1.1947,0.3767,0.42401,0.48901
4.701/385.13750,1.1917,0.37782,0.42272,0.4901
4.798/229.13104,1.1881,0.37913,0.42121,0.49138
0.744/597.27213,1.1869,0.37959,0.42069,0.49138
5.438/286.91838,1.1866,0.37968,0.42058,0.49138
5.456/486.89131,1.1769,0.38329,0.41648,0.49539
5.664/229.94773,1.1767,0.38336,0.41639,0.49539
0.719/407.17902,1.1729,0.38479,0.41478,0.49654
5.789/297.89816,1.1728,0.38483,0.41473,0.49654
4.595/170.09315,1.172,0.38513,0.4144,0.49654
4.293/260.19965,1.1673,0.38691,0.4124,0.49846
0.694/430.27597,1.1629,0.38854,0.41056,0.49997
0.727/685.41303,1.1626,0.38867,0.41042,0.49997
5.727/315.90916,1.1575,0.39063,0.40824,0.50211
0.585/641.38274,1.1557,0.3913,0.40749,0.50259
5.753/517.80797,1.1528,0.39239,0.40628,0.50362
5.535/173.93411,1.1505,0.39328,0.4053,0.50401
10.293/542.75043,1.1503,0.39337,0.40519,0.50401
1.934/212.10305,1.1497,0.39359,0.40496,0.50401
1.127/289.97525,1.1442,0.39572,0.40261,0.50636
5.665/397.89725,1.1397,0.39744,0.40073,0.50783
5.662/475.37888,1.1397,0.39747,0.40069,0.50783
4.779/315.11193,1.1383,0.39801,0.40011,0.50804
0.633/288.67278,1.1377,0.39824,0.39986,0.50804
5.437/584.90894,1.1352,0.3992,0.39881,0.50889
4.660/355.08055,1.1331,0.40003,0.39791,0.5095
10.468/542.74605,1.1325,0.40028,0.39764,0.5095
5.089/428.04742,1.1258,0.40291,0.39479,0.51246
5.207/442.97603,1.1243,0.40349,0.39416,0.5125
5.091/503.96277,1.1242,0.40354,0.39411,0.5125
1.127/410.87775,1.1217,0.40453,0.39305,0.51313
1.319/684.22357,1.1214,0.40464,0.39293,0.51313
4.849/399.15518,1.118,0.40598,0.39149,0.51445
0.801/140.10679,1.1161,0.40672,0.39071,0.5149
1.085/465.27060,1.1156,0.40694,0.39047,0.5149
5.670/324.93743,1.1089,0.40959,0.38765,0.51703
2.260/151.05895,1.1086,0.40974,0.38749,0.51703
4.397/312.14792,1.1084,0.40979,0.38744,0.51703
1.594/282.16104,1.1083,0.40985,0.38738,0.51703
1.123/160.10622,1.1047,0.41132,0.38582,0.5185
1.099/285.05284,1.1005,0.413,0.38405,0.52024
5.266/404.03491,1.0951,0.4152,0.38174,0.52262
2.920/176.01078,1.0922,0.41636,0.38053,0.52369
4.598/259.57222,1.0904,0.41708,0.37978,0.5242
4.343/745.77390,1.0847,0.41942,0.37735,0.52676
7.005/610.20212,1.083,0.42015,0.37659,0.52699
1.337/448.37351,1.0821,0.42049,0.37624,0.52699
4.739/155.12610,1.082,0.42053,0.3762,0.52699
0.660/801.21641,1.075,0.42343,0.37321,0.52962
4.499/453.13012,1.0745,0.42364,0.37301,0.52962
4.640/446.18956,1.0744,0.42369,0.37295,0.52962
0.635/129.75805,1.0739,0.42389,0.37275,0.52962
4.911/289.16596,1.0727,0.4244,0.37222,0.52988
0.582/407.17982,1.0716,0.42487,0.37174,0.53008
1.099/298.10225,1.0689,0.42597,0.37062,0.53106
4.693/394.98918,1.0672,0.42671,0.36987,0.53159
13.034/542.74617,1.0657,0.42733,0.36924,0.53197
4.295/180.08769,1.0648,0.4277,0.36886,0.53199
0.769/135.09000,1.064,0.42804,0.36852,0.53199
5.800/553.76884,1.0634,0.42829,0.36827,0.53199
5.433/384.93526,1.0572,0.43091,0.36561,0.53477
5.672/163.96787,1.0566,0.43115,0.36537,0.53477
0.635/543.45428,1.0545,0.43203,0.36448,0.53547
4.780/282.10456,1.0537,0.43238,0.36413,0.53551
0.537/500.39219,1.0507,0.43364,0.36288,0.53667
3.667/282.05184,1.0484,0.43462,0.36189,0.5374
4.285/173.02090,1.0479,0.43486,0.36165,0.5374
1.282/158.07962,1.0433,0.4368,0.35972,0.53941
0.693/413.24681,1.0417,0.4375,0.35902,0.53988
1.102/240.98952,1.0383,0.43895,0.35759,0.54127
5.712/365.87513,1.0367,0.43966,0.35688,0.54176
4.643/590.16797,1.0305,0.44232,0.35427,0.54418
5.645/532.87338,1.0287,0.44313,0.35347,0.54418
0.719/387.25075,1.0277,0.44357,0.35304,0.54418
1.102/267.08110,1.0276,0.44359,0.35302,0.54418
4.685/379.01438,1.0272,0.44377,0.35284,0.54418
5.664/436.92518,1.0271,0.44382,0.35279,0.54418
2.248/418.07847,1.027,0.44387,0.35275,0.54418
5.091/487.98630,1.0255,0.4445,0.35213,0.54456
5.499/288.91613,1.0118,0.45053,0.34628,0.55069
0.626/652.43152,1.0115,0.45069,0.34612,0.55069
0.593/363.15228,1.0109,0.45093,0.34589,0.55069
1.101/115.04833,1.0103,0.45119,0.34564,0.55069
2.927/92.04692,1.0103,0.45119,0.34564,0.55069
5.656/562.83249,1.0097,0.45145,0.34539,0.55069
0.560/321.11731,1.0088,0.45188,0.34498,0.55082
5.663/608.82992,1.0051,0.45352,0.34341,0.55242
4.503/429.15117,1.0019,0.45493,0.34205,0.55375
4.769/266.10917,0.99837,0.45652,0.34054,0.55528
0.718/369.22063,0.99468,0.45818,0.33896,0.5569
4.733/450.18804,0.99299,0.45894,0.33824,0.55715
5.666/558.86711,0.99217,0.45931,0.33789,0.55715
2.202/516.13086,0.99204,0.45937,0.33784,0.55715
4.659/242.56435,0.98972,0.46042,0.33685,0.55802
5.449/395.42006,0.98462,0.46273,0.33467,0.56043
4.415/217.11923,0.98206,0.4639,0.33358,0.56144
2.702/257.14924,0.98053,0.4646,0.33292,0.56164
0.694/451.20684,0.98025,0.46472,0.3328,0.56164
0.610/208.18127,0.97946,0.46508,0.33247,0.56167
4.314/275.14006,0.97744,0.46601,0.33161,0.56239
2.770/119.08758,0.97193,0.46854,0.32925,0.56482
4.883/187.00017,0.97161,0.46869,0.32912,0.56482
4.495/505.05913,0.96852,0.47011,0.3278,0.56593
4.812/360.11901,0.96781,0.47044,0.32749,0.56593
1.285/532.40128,0.96744,0.47061,0.32734,0.56593
5.681/494.88224,0.96624,0.47117,0.32683,0.5662
0.552/328.21892,0.96458,0.47194,0.32612,0.56673
0.535/445.30213,0.9629,0.47272,0.3254,0.56726
5.451/339.97402,0.96156,0.47334,0.32483,0.56761
0.523/512.42969,0.95401,0.47686,0.32161,0.57143
4.729/409.25511,0.95182,0.47789,0.32067,0.57226
0.652/532.39682,0.95075,0.47839,0.32021,0.57245
13.051/641.38658,0.94925,0.4791,0.31957,0.5729
5.656/343.93290,0.94847,0.47947,0.31924,0.57294
5.514/68.97974,0.94748,0.47994,0.31882,0.57309
4.452/524.07144,0.94618,0.48055,0.31826,0.57342
1.660/120.10068,0.93642,0.48518,0.31409,0.57854
5.564/370.88273,0.93295,0.48684,0.31261,0.57917
0.560/539.26187,0.93282,0.4869,0.31256,0.57917
0.807/208.15653,0.93247,0.48707,0.31241,0.57917
7.049/569.44805,0.93245,0.48708,0.3124,0.57917
0.718/386.24901,0.93108,0.48773,0.31182,0.57955
4.691/357.03213,0.92926,0.48861,0.31104,0.58018
0.560/461.29906,0.92829,0.48907,0.31063,0.58032
0.762/488.28339,0.92698,0.4897,0.31007,0.58067
5.474/402.90162,0.92587,0.49024,0.30959,0.58072
0.527/473.34026,0.92548,0.49043,0.30942,0.58072
4.445/553.13732,0.92403,0.49113,0.30881,0.58114
1.127/350.93570,0.91637,0.49483,0.30554,0.58512
1.265/513.19603,0.91388,0.49605,0.30448,0.58588
7.043/712.25473,0.91291,0.49652,0.30406,0.58588
4.371/84.07867,0.91253,0.49671,0.3039,0.58588
0.619/305.11028,0.91221,0.49686,0.30376,0.58588
5.510/380.91263,0.91147,0.49722,0.30345,0.5859
5.209/422.04616,0.90817,0.49884,0.30204,0.5874
0.719/414.28038,0.90419,0.50079,0.30034,0.58894
4.282/195.98670,0.9041,0.50084,0.3003,0.58894
5.693/433.85503,0.8944,0.50563,0.29617,0.59367
2.277/340.00783,0.89399,0.50584,0.29599,0.59367
4.792/256.10800,0.89383,0.50591,0.29592,0.59367
7.427/1203.38100,0.88556,0.51004,0.2924,0.5981
4.481/267.02371,0.88337,0.51114,0.29146,0.59871
2.487/156.04182,0.88304,0.5113,0.29132,0.59871
5.194/330.05478,0.88241,0.51162,0.29106,0.59871
0.527/496.43315,0.88109,0.51228,0.29049,0.59876
0.531/468.39971,0.88092,0.51237,0.29042,0.59876
5.665/395.89756,0.87845,0.51361,0.28937,0.5998
0.552/223.13340,0.87133,0.51721,0.28633,0.60301
13.801/453.79611,0.87113,0.51731,0.28625,0.60301
5.477/222.94342,0.87092,0.51742,0.28616,0.60301
2.138/414.01807,0.86753,0.51914,0.28471,0.6046
5.209/405.01920,0.86486,0.5205,0.28358,0.60544
5.456/412.93130,0.86472,0.52057,0.28352,0.60544
0.710/494.82459,0.86328,0.52131,0.2829,0.60554
5.382/350.89213,0.86192,0.52201,0.28232,0.60554
5.175/319.17727,0.86186,0.52204,0.2823,0.60554
4.646/529.08699,0.86171,0.52211,0.28224,0.60554
5.659/465.87706,0.86106,0.52245,0.28196,0.60554
2.277/441.09461,0.85941,0.52329,0.28126,0.60611
5.160/368.01140,0.85738,0.52433,0.28039,0.6069
0.575/430.27551,0.85366,0.52625,0.2788,0.60871
5.795/514.73773,0.85088,0.52769,0.27762,0.6098
0.534/489.34343,0.85007,0.52811,0.27728,0.6098
1.160/208.15560,0.84974,0.52828,0.27714,0.6098
5.444/698.89418,0.84686,0.52977,0.27591,0.61111
5.393/255.94283,0.8434,0.53157,0.27444,0.61277
4.801/284.11540,0.84194,0.53233,0.27382,0.6129
2.127/148.60411,0.8418,0.5324,0.27376,0.6129
4.802/322.07376,0.84104,0.5328,0.27343,0.61294
1.344/191.56667,0.83803,0.53437,0.27215,0.61433
1.260/244.07738,0.83596,0.53545,0.27128,0.61516
4.662/298.57534,0.83084,0.53815,0.2691,0.61783
3.654/252.14671,0.82946,0.53888,0.26851,0.61825
5.466/340.97444,0.82616,0.54062,0.26711,0.61983
5.837/392.79897,0.82098,0.54337,0.26491,0.62256
4.869/451.29337,0.81603,0.546,0.26281,0.62516
4.435/248.93628,0.81415,0.547,0.26201,0.62548
4.757/555.18017,0.81393,0.54712,0.26192,0.62548
4.485/377.98100,0.81293,0.54766,0.26149,0.62548
5.443/697.89961,0.81242,0.54793,0.26128,0.62548
4.416/354.10592,0.81207,0.54812,0.26112,0.62548
2.829/58.06264,0.80921,0.54965,0.25991,0.6268
5.467/600.87757,0.80675,0.55098,0.25887,0.62738
1.945/120.10015,0.80652,0.5511,0.25877,0.62738
4.643/583.17477,0.80621,0.55126,0.25864,0.62738
5.664/195.99499,0.79536,0.55714,0.25404,0.63363
5.439/604.87725,0.79374,0.55801,0.25335,0.63388
5.726/419.83905,0.79359,0.5581,0.25329,0.63388
0.519/614.46476,0.79024,0.55992,0.25187,0.63529
0.759/279.19518,0.78983,0.56015,0.2517,0.63529
0.635/254.92367,0.78887,0.56068,0.25129,0.63529
2.136/307.04727,0.78846,0.5609,0.25112,0.63529
4.421/388.06853,0.78789,0.56121,0.25088,0.63529
5.458/151.03452,0.78632,0.56207,0.25021,0.63575
0.559/465.26924,0.78577,0.56237,0.24998,0.63575
5.466/515.89298,0.77946,0.56584,0.24731,0.63925
5.831/648.66904,0.77548,0.56804,0.24562,0.64131
2.936/132.01968,0.76356,0.57466,0.24059,0.64836
5.535/225.98971,0.7617,0.5757,0.2398,0.6491
0.527/526.41051,0.75507,0.57942,0.237,0.65286
4.824/324.06479,0.75316,0.5805,0.2362,0.65364
5.455/223.99095,0.75191,0.5812,0.23567,0.654
5.175/583.21155,0.74797,0.58343,0.23401,0.65607
5.089/466.00365,0.7442,0.58557,0.23242,0.65752
5.437/638.90309,0.74393,0.58572,0.23231,0.65752
1.331/208.15465,0.74366,0.58588,0.23219,0.65752
4.595/126.10126,0.73953,0.58823,0.23045,0.65972
0.565/421.24219,0.73635,0.59004,0.22912,0.66132
5.443/614.90562,0.73366,0.59158,0.22799,0.66251
4.848/439.98952,0.73313,0.59189,0.22776,0.66251
4.735/112.07319,0.73115,0.59302,0.22693,0.66334
4.818/336.95547,0.72931,0.59408,0.22616,0.66393
1.344/250.06222,0.72888,0.59433,0.22597,0.66393
5.371/426.99037,0.72759,0.59507,0.22543,0.66431
4.409/398.07489,0.72586,0.59606,0.22471,0.66499
4.849/386.05352,0.72004,0.59943,0.22227,0.6683
5.641/530.87397,0.71469,0.60253,0.22002,0.67118
1.149/246.20874,0.71424,0.60279,0.21983,0.67118
1.591/404.08418,0.7087,0.60602,0.21751,0.67433
4.402/300.06416,0.69863,0.61193,0.2133,0.68046
5.453/526.91579,0.69795,0.61233,0.21301,0.68046
4.633/555.17953,0.69362,0.61489,0.2112,0.68285
5.673/204.99623,0.68356,0.62086,0.20701,0.68901
2.139/309.04595,0.68291,0.62124,0.20674,0.68901
4.742/413.22708,0.67933,0.62338,0.20525,0.69085
4.636/502.09456,0.67877,0.62372,0.20501,0.69085
2.750/258.15358,0.67766,0.62438,0.20455,0.69114
5.452/265.01923,0.6696,0.62922,0.2012,0.69604
5.654/678.80975,0.66463,0.63221,0.19914,0.69889
0.754/250.16846,0.662,0.63381,0.19804,0.70002
5.564/501.92584,0.66158,0.63406,0.19787,0.70002
7.128/860.30291,0.65867,0.63583,0.19666,0.70152
5.485/138.97098,0.65599,0.63746,0.19555,0.70286
2.131/87.04051,0.65476,0.6382,0.19504,0.70301
2.232/134.63295,0.6544,0.63842,0.19489,0.70301
5.662/293.96620,0.63971,0.64741,0.18882,0.71244
5.649/457.91805,0.63567,0.6499,0.18716,0.71472
4.363/144.13705,0.63415,0.65084,0.18653,0.71529
2.391/60.07810,0.63252,0.65184,0.18586,0.71593
0.544/597.35758,0.62683,0.65536,0.18352,0.71933
2.630/119.08777,0.62273,0.65791,0.18183,0.72166
0.777/183.00531,0.61816,0.66076,0.17996,0.72375
0.527/591.36904,0.61794,0.66089,0.17987,0.72375
0.552/255.17648,0.61763,0.66109,0.17974,0.72375
1.082/208.15609,0.60907,0.66645,0.17623,0.72914
4.283/178.01423,0.60731,0.66755,0.17552,0.72988
5.448/468.92484,0.60385,0.66973,0.1741,0.73135
4.485/322.90007,0.60379,0.66976,0.17408,0.73135
5.593/333.95337,0.60074,0.67169,0.17283,0.73299
4.842/275.31284,0.59095,0.67788,0.16885,0.73927
2.644/117.72262,0.58995,0.67851,0.16844,0.73948
5.418/287.91943,0.58387,0.68238,0.16597,0.74322
4.637/461.12047,0.57717,0.68666,0.16326,0.7474
5.448/216.20789,0.5757,0.6876,0.16266,0.74795
0.585/387.22353,0.57487,0.68813,0.16233,0.74804
1.340/230.11686,0.57285,0.68943,0.16151,0.74874
2.136/63.02379,0.5725,0.68965,0.16137,0.74874
5.453/527.91730,0.56878,0.69204,0.15987,0.75085
1.895/102.08913,0.56777,0.69268,0.15946,0.75107
4.348/744.77968,0.56636,0.69359,0.1589,0.75158
5.446/496.92110,0.56443,0.69483,0.15812,0.75244
5.433/582.91022,0.56288,0.69584,0.15749,0.75305
5.799/371.86835,0.55808,0.69894,0.15556,0.75592
0.557/205.12401,0.55636,0.70005,0.15487,0.75664
5.088/450.03150,0.55487,0.70101,0.15428,0.75684
4.412/208.09298,0.55469,0.70113,0.1542,0.75684
4.702/431.11220,0.54897,0.70483,0.15191,0.76036
1.345/192.16101,0.54463,0.70765,0.15018,0.76292
2.235/63.02369,0.54322,0.70857,0.14961,0.76305
0.627/421.77345,0.54306,0.70868,0.14955,0.76305
5.049/604.03997,0.54144,0.70973,0.14891,0.7637
5.649/459.91620,0.53379,0.71473,0.14586,0.76859
7.040/684.22810,0.53119,0.71643,0.14483,0.76994
5.454/410.93267,0.528,0.71852,0.14356,0.77169
5.218/584.10393,0.52545,0.72019,0.14255,0.773
4.688/387.11185,0.51764,0.72533,0.13946,0.77802
5.439/586.90651,0.51635,0.72618,0.13896,0.77844
2.385/576.42714,0.51534,0.72685,0.13856,0.77867
4.531/617.99668,0.51337,0.72814,0.13778,0.77956
0.567/495.23561,0.51139,0.72945,0.137,0.78047
5.455/525.91800,0.50872,0.73121,0.13596,0.78186
0.544/685.41629,0.50438,0.73408,0.13425,0.78444
4.664/409.09154,0.50344,0.73471,0.13388,0.78446
1.127/445.96449,0.50297,0.73502,0.1337,0.78446
5.443/610.90636,0.49817,0.7382,0.13183,0.78735
0.809/230.11643,0.49443,0.74069,0.13036,0.78951
2.234/470.15876,0.49107,0.74293,0.12905,0.7914
2.685/155.56270,0.49031,0.74343,0.12876,0.79143
1.345/174.14926,0.47197,0.75567,0.12167,0.80396
0.552/409.20045,0.46957,0.75728,0.12075,0.80517
5.675/82.01152,0.45896,0.76439,0.11668,0.81222
2.630/272.27748,0.44697,0.77245,0.11213,0.82028
2.810/237.17304,0.44606,0.77306,0.11179,0.82041
5.477/401.90274,0.44384,0.77456,0.11095,0.82149
4.394/350.10541,0.44165,0.77603,0.11012,0.82253
13.035/458.78255,0.43573,0.78002,0.1079,0.82625
5.492/400.90449,0.43246,0.78222,0.10667,0.82803
4.737/146.65878,0.43178,0.78268,0.10641,0.82803
0.577/223.12149,0.42842,0.78495,0.10516,0.82991
0.769/177.13779,0.40581,0.80021,0.096796,0.84552
1.658/205.10138,0.39888,0.80489,0.094264,0.84994
5.583/358.99448,0.39195,0.80957,0.091746,0.8542
4.488/266.02014,0.39142,0.80993,0.091554,0.8542
4.587/565.04058,0.39022,0.81074,0.09112,0.85452
1.385/60.07852,0.38807,0.81218,0.090346,0.85551
5.585/291.01727,0.38632,0.81336,0.089715,0.85623
4.847/477.94339,0.38553,0.8139,0.089431,0.85626
4.740/130.08558,0.38113,0.81686,0.08785,0.85885
1.130/388.89171,0.3768,0.81978,0.086304,0.86138
4.739/147.11252,0.37541,0.82071,0.085808,0.86183
5.802/512.74042,0.37155,0.82332,0.084433,0.86402
2.771/118.08556,0.37017,0.82424,0.083944,0.86413
5.714/580.81081,0.36851,0.82536,0.083359,0.86413
0.744/248.22445,0.36838,0.82545,0.083311,0.86413
5.584/360.99409,0.36837,0.82545,0.083309,0.86413
0.760/176.16439,0.36015,0.83097,0.080415,0.86858
5.687/178.99671,0.35983,0.83119,0.0803,0.86858
2.644/156.04199,0.35887,0.83183,0.079965,0.86858
0.806/207.50976,0.35881,0.83187,0.079944,0.86858
5.452/423.96438,0.35822,0.83227,0.079738,0.86858
0.618/206.16594,0.3562,0.83362,0.079031,0.86915
4.543/564.06381,0.35565,0.83399,0.078839,0.86915
4.593/294.56226,0.35472,0.83461,0.078517,0.86915
4.585/599.06970,0.35436,0.83486,0.078389,0.86915
0.544/553.32804,0.34991,0.83783,0.076845,0.87171
1.335/641.38943,0.34246,0.8428,0.074273,0.87591
5.580/472.98002,0.3419,0.84317,0.074082,0.87591
5.208/491.19873,0.34105,0.84374,0.073791,0.87591
2.652/118.08519,0.34077,0.84393,0.073693,0.87591
1.044/305.95689,0.3372,0.84631,0.072473,0.87784
0.776/85.02550,0.33522,0.84762,0.071797,0.87867
5.747/491.80984,0.33004,0.85106,0.070042,0.88169
5.470/242.00166,0.32904,0.85172,0.069704,0.88184
5.446/338.97622,0.32275,0.85588,0.067587,0.88561
5.002/225.01697,0.32151,0.8567,0.067172,0.88592
0.553/283.15907,0.31572,0.86052,0.065241,0.88904
0.807/174.14864,0.31533,0.86077,0.065113,0.88904
13.175/526.77098,0.31184,0.86306,0.063959,0.89087
5.514/329.94489,0.31096,0.86364,0.063669,0.89092
4.602/432.11423,0.30562,0.86713,0.061916,0.89398
2.933/224.01017,0.302,0.86949,0.060735,0.89587
5.468/258.92057,0.29988,0.87087,0.060046,0.89643
0.808/192.16069,0.2988,0.87157,0.059695,0.89643
4.793/398.07362,0.29873,0.87162,0.059672,0.89643
5.434/452.91264,0.29356,0.87497,0.058006,0.89933
5.581/474.97987,0.29162,0.87622,0.057385,0.90008
4.987/298.99675,0.28998,0.87728,0.05686,0.90062
2.706/273.12569,0.28626,0.87967,0.055678,0.90253
1.129/365.89125,0.28035,0.88346,0.053813,0.90587
5.664/316.98305,0.26925,0.89051,0.050361,0.91211
2.141/73.02665,0.2686,0.89092,0.050161,0.91211
0.635/130.15809,0.26823,0.89116,0.050045,0.91211
0.574/352.12375,0.26436,0.89359,0.048862,0.91405
1.058/230.11742,0.26117,0.89559,0.047892,0.91554
5.545/172.93343,0.26004,0.8963,0.047548,0.91571
2.474/58.06287,0.25784,0.89767,0.046885,0.91656
1.054/192.16082,0.25245,0.90101,0.045268,0.91853
0.544/336.12932,0.25234,0.90108,0.045237,0.91853
4.410/252.08500,0.25212,0.90122,0.04517,0.91853
4.737/84.07846,0.24475,0.90575,0.042994,0.92208
0.544/298.17136,0.24469,0.90578,0.042975,0.92208
2.132/137.04199,0.23932,0.90906,0.041409,0.92436
1.132/372.91849,0.23922,0.90912,0.041379,0.92436
1.096/424.06923,0.238,0.90985,0.041029,0.92455
5.577/431.95067,0.23238,0.91324,0.039413,0.92745
0.678/263.19931,0.23082,0.91418,0.03897,0.92784
7.034/705.15270,0.22861,0.9155,0.038344,0.92862
4.406/349.08043,0.22078,0.92013,0.036151,0.93277
1.152/174.12435,0.21734,0.92214,0.035201,0.934
1.157/192.16059,0.21682,0.92245,0.035059,0.934
5.477/536.88128,0.21346,0.9244,0.034142,0.93541
4.737/129.68596,0.21064,0.92603,0.033376,0.93651
1.130/426.84935,0.20968,0.92658,0.033118,0.93651
2.327/205.96126,0.20437,0.92961,0.0317,0.93901
0.628/389.23604,0.20302,0.93038,0.031341,0.93923
2.926/134.01609,0.20012,0.93201,0.030579,0.94032
5.450/524.91719,0.18289,0.9415,0.026182,0.94932
0.569/338.14365,0.17463,0.94589,0.02416,0.95319
2.931/160.03634,0.1694,0.94861,0.022911,0.95536
1.327/759.25056,0.16694,0.94988,0.022333,0.95566
5.460/227.98625,0.16663,0.95004,0.02226,0.95566
1.052/174.14902,0.16307,0.95185,0.021432,0.95692
1.157/174.14735,0.15993,0.95343,0.020713,0.95794
4.593/169.56856,0.14276,0.96175,0.01694,0.96573
0.770/190.14512,0.14013,0.96297,0.016387,0.96638
5.443/640.90170,0.12621,0.9692,0.013585,0.97207
1.151/171.14960,0.11265,0.97486,0.011058,0.97716
2.140/711.17984,0.075204,0.988,0.0052419,0.98975
2.639/276.12570,0.047495,0.99496,0.0021937,0.99566
4.693/594.11232,0.045105,0.99544,0.0019868,0.99566
0.634/162.04032,0.043909,0.99566,0.0018869,0.99566
