"","coef.mean","AC9.1","AC9.2","AC9.3","E30"
"2.515/261.18287",63.613,94.087,62.076,51.226,47.062
"2.495/299.14185",62.517,85.8,54.524,59.31,50.433
"2.402/182.05812",62.219,97.492,66.018,42.763,42.604
"2.482/182.05773",62.198,96.66,65.218,43.824,43.091
"2.494/287.20054",60.733,100,69.128,35.25,38.555
"2.414/305.21255",60.382,99.422,68.73,35.046,38.332
"1.998/182.05780",59.986,94.216,63.857,40.935,40.936
"2.358/278.14614",56.76,93.467,64.602,32.944,36.029
"2.463/184.05563",55.255,90.99,62.887,32.07,35.073
"2.485/143.65749",55.223,90.942,62.85,32.051,35.051
"2.306/292.16097",53.739,88.501,61.157,31.191,34.108
"2.496/144.10199",51.127,80.787,54.642,34.451,34.628
"6.018/429.17918",47.025,51.933,42.413,50.24,43.513
"2.349/216.12342",44.965,96.774,58.033,8.1735,16.88
"4.777/450.76485",41.897,63.593,39.062,34.38,30.555
"2.352/319.22693",40.702,40.842,39.125,43.695,39.146
"1.289/305.97504",39.732,71.101,49.983,16.058,21.787
"3.666/264.15985",36.936,39.345,32.143,41.212,35.043
"3.677/172.10741",35.627,52.416,40.625,23.982,25.483
"3.673/144.10086",35.031,55.821,35.544,24.927,23.831
"4.556/277.14248",34.718,58.625,39.127,19.69,21.428
"1.277/521.02286",33.739,44.732,30.834,31.69,27.7
"4.441/245.19778",32.873,34.202,31.384,34.816,31.09
"1.289/573.00013",32.836,28.029,24.647,43.638,35.029
"2.060/158.11632",31.616,46.228,34.467,22.754,23.017
"1.277/574.99336",30.174,25.732,22.652,40.112,32.199
"1.273/493.12417",30.127,50.937,35.492,15.777,18.302
"1.292/143.02599",29.411,55.15,40.285,7.8068,14.403
"4.481/349.97607",29.26,51.655,37.458,11.669,16.258
"2.302/692.21991",29.116,60.53,38.558,5.6302,11.745
"4.548/335.52028",28.986,19.229,12.772,48.944,34.997
"1.285/381.90812",28.154,23.973,21.133,37.45,30.061
"4.918/386.73292",28.1,35.899,24.506,28.101,23.896
"1.304/268.02050",27.226,44.953,33.569,13.6,16.783
"1.795/190.10775",27.082,29.458,22.07,31.134,25.666
"5.373/317.23474",26.951,39.574,24.408,23.433,20.39
"5.543/303.21966",26.84,40.072,23.579,23.584,20.125
"4.560/733.29565",26.799,28.658,24.821,28.599,25.116
"1.277/307.97489",26.756,41.886,30.631,16.555,17.952
"4.777/435.19249",26.411,37.086,25.805,22.31,20.442
"1.285/373.96668",26.187,32.678,26.694,23.408,21.97
"5.285/475.12571",25.999,31.797,19.454,29.433,23.311
"0.534/641.43873",25.791,28.342,24.505,26.602,23.714
"6.168/289.20028",25.634,41.504,24.23,19.366,17.438
"1.321/389.94112",25.386,43.952,30.695,12.087,14.811
"0.635/547.48386",25.303,19.16,18.021,35.747,28.282
"1.102/547.48481",25.221,14.38,20.465,36.098,29.943
"5.586/331.22645",25.118,35.482,22.303,22.962,19.725
"0.710/216.23345",24.777,42.328,31.662,10.689,14.427
"5.587/166.11380",24.748,33.804,21.836,23.36,19.99
"5.861/230.63688",24.549,36.336,25.639,18.363,17.858
"5.587/467.18217",24.209,34.496,21.685,21.813,18.841
"5.535/553.15946",24.144,35.607,21.86,20.915,18.196
"4.569/581.82902",24.124,16.874,16.207,35.641,27.774
"3.677/144.04646",24.083,13.399,10.172,42.418,30.341
"4.780/299.69770",24.079,26.894,23.294,24.259,21.869
"4.676/429.74933",23.969,35.482,23.326,19.343,17.725
"3.671/265.11646",23.863,12.475,9.9712,42.554,30.453
"1.494/389.94134",23.69,33.349,24.981,18.445,17.983
"5.402/442.97357",23.686,33.286,22.206,20.772,18.479
"4.441/99.08926",23.641,30.186,28.395,17.199,18.784
"3.660/315.60949",23.542,17.236,19.486,31.324,26.123
"0.635/543.45428",23.442,32.73,24.498,18.582,17.957
"5.379/201.63313",23.442,40.261,23.429,15.414,14.664
"0.760/72.04171",23.403,35.212,25.851,16.029,16.519
"0.594/826.56856",23.393,22.732,21.59,26.259,22.99
"0.635/545.46905",23.38,20.538,20.4,28.396,24.185
"1.295/230.06198",23.225,37.111,26.522,14.02,15.245
"6.008/430.19986",23.118,27.541,16.705,27.059,21.166
"3.660/160.10731",22.979,28.74,26.215,18.191,18.772
"5.573/503.16028",22.941,32.412,20.015,21.264,18.072
"2.330/158.11636",22.766,34.805,26.125,14.487,15.649
"0.634/307.23194",22.696,23.192,21.389,24.498,21.705
"5.577/581.16358",22.62,33.019,21.13,19.238,17.092
"1.098/611.48388",22.586,19.334,19.818,27.615,23.579
"3.677/221.99404",22.559,24.608,29.704,16.508,19.416
"1.477/230.06208",22.547,30.981,24.17,17.638,17.399
"0.632/609.46870",22.488,22.224,21.794,24.182,21.752
"0.507/804.60916",22.133,23.971,21.489,22.639,20.434
"6.010/136.58832",22.107,28.431,17.239,23.699,19.058
"0.633/809.49067",22.089,19.816,20.168,25.865,22.507
"5.310/215.64912",22.077,34.919,20.59,17.355,15.445
"6.014/166.11307",22.046,28.385,16.991,23.783,19.025
"0.635/607.45379",21.928,19.21,19.15,26.648,22.705
"0.619/520.37651",21.898,25.317,23.747,19.473,19.053
"0.719/114.09004",21.859,26.001,16.912,24.681,19.841
"0.630/610.47221",21.842,21.038,20.41,24.41,21.509
"4.358/183.16083",21.805,14.423,27.774,21.774,23.248
"0.569/704.54347",21.763,23.707,14.912,27.346,21.09
"0.602/778.56574",21.705,20.408,19.127,25.485,21.801
"0.635/807.47334",21.683,17.976,18.465,27.29,23.002
"0.594/864.52662",21.666,21.633,19.831,24.145,21.053
"0.642/587.24541",21.63,20.291,21.1,23.73,21.4
"4.360/439.11200",21.457,33.65,21.059,16.155,14.966
"0.627/359.26556",21.445,20.033,19.946,24.379,21.42
"0.635/589.26241",21.419,19.248,20.275,24.467,21.686
"0.590/593.29480",21.412,18.425,18.712,26.19,22.322
"0.719/113.74036",21.335,26.869,18.679,21.486,18.308
"5.860/558.24633",21.288,28.626,21.252,18.29,16.982
"0.527/607.31166",21.286,13.794,16.221,30.446,24.683
"2.952/208.03397",21.271,24.265,19.727,21.862,19.228
"0.635/305.21665",21.167,20.584,18.921,24.262,20.9
"1.502/268.01921",21.112,29.782,23.256,15.583,15.829
"0.535/581.41767",21.041,22.792,21.871,20.324,19.178
"0.627/409.72078",20.984,25.488,24.419,16.62,17.408
"4.403/326.03689",20.96,35.098,24.964,10.938,12.842
"0.535/700.95858",20.926,25.777,20.244,19.787,17.894
"5.321/336.14979",20.855,38.625,27.862,6.3817,10.554
"4.331/203.14003",20.721,35.555,24.223,10.728,12.377
"0.597/802.57113",20.652,22.102,21.737,19.868,18.9
"5.110/230.65572",20.614,36.409,23.093,10.949,12.006
"0.660/801.21641",20.608,27.23,22.496,16.373,16.335
"6.006/557.25944",20.554,21.637,18.804,22.316,19.46
"6.011/349.20089",20.536,23.166,18.101,22.031,18.845
"0.633/788.55933",20.529,18.563,18.728,23.972,20.851
"0.633/591.45847",20.527,20.565,18.998,22.667,19.879
"0.535/563.40498",20.472,18.162,18.511,24.232,20.984
"0.510/754.58924",20.417,23.363,20.451,19.691,18.166
"3.667/236.15162",20.341,24.5,22.088,17.536,17.24
"0.635/309.24632",20.3,19.013,18.46,23.401,20.326
"3.678/158.03948",20.27,11.355,19.186,26.85,23.69
"0.510/756.60573",20.235,20.352,18.042,22.871,19.677
"7.427/1203.38100",20.125,32.942,24.625,10.365,12.567
"0.602/774.53018",20.115,19.256,19.649,21.836,19.716
"3.677/132.01890",20.11,11.744,18.091,27.163,23.442
"4.621/341.22583",20.082,20.565,17.86,22.537,19.365
"3.671/161.16311",20.057,35.189,24.884,8.7758,11.378
"4.751/327.20884",20.033,20.248,17.356,23.007,19.519
"1.094/224.95705",20.029,22.008,20.346,19.571,18.192
"0.535/582.42329",20.013,20.718,19.829,20.656,18.85
"1.339/124.07452",20.012,23.297,13.389,24.606,18.755
"0.622/558.33496",19.983,21.97,20.252,19.559,18.153
"0.602/816.52332",19.872,19.162,17.425,23.148,19.754
"3.657/269.11416",19.855,23.35,24.849,14.693,16.527
"0.635/311.26303",19.716,17.05,16.46,24.71,20.646
"0.513/411.80749",19.654,18.854,18.917,21.551,19.295
"3.685/266.11711",19.598,7.2785,3.9831,40.036,27.095
"1.102/549.50021",19.533,9.3468,16.344,28.511,23.929
"0.510/780.59939",19.525,19.338,20.402,19.746,18.613
"0.527/644.25980",19.507,14.657,15.621,26.189,21.56
"0.519/397.78989",19.453,21.536,19.706,18.966,17.603
"0.644/759.47142",19.405,18.204,19.188,21.074,19.153
"0.504/830.62403",19.366,18.713,18.185,21.538,19.027
"5.357/310.19225",19.326,22.71,18.279,19.212,17.103
"4.415/296.10083",19.308,32.678,23.762,9.2532,11.538
"3.681/257.99636",19.298,21.548,26.404,13.03,16.209
"0.535/697.41343",19.252,18.742,18.512,20.977,18.777
"0.669/645.26350",19.248,15.664,16.596,24.214,20.518
"0.610/724.51143",19.239,17.395,17.741,22.311,19.509
"0.603/814.51348",19.234,17.316,17.109,22.866,19.646
"0.535/698.41583",19.214,19.143,18.586,20.609,18.519
"5.568/595.24476",19.157,25.88,22.141,13.894,14.713
"4.402/288.07865",19.104,30.476,23.396,10.251,12.293
"0.643/625.20223",19.068,17.402,17.827,21.825,19.221
"0.644/757.45188",19.059,16.356,17.778,22.406,19.697
"0.510/782.62235",19.042,18.351,18.661,20.558,18.598
"0.644/559.45172",19.036,15.446,17.006,23.481,20.212
"0.639/561.46705",18.949,14.407,16.057,24.617,20.715
"1.105/521.47075",18.911,6.4529,10.402,33.5,25.29
"4.550/502.27754",18.744,4.5079,3.5462,39.83,27.091
"0.506/842.56727",18.724,19.773,17.855,19.693,17.574
"0.760/193.03763",18.669,23.793,20.228,15.429,15.227
"3.680/274.10888",18.662,14.003,20.463,20.488,19.694
"0.527/645.26960",18.56,11.283,13.534,27.455,21.969
"0.510/730.58898",18.549,16.102,13.77,24.636,19.686
"1.671/145.13199",18.533,21.327,15.065,20.71,17.028
"2.369/337.24015",18.515,35.089,24.33,5.573,9.0691
"4.768/314.05898",18.511,28.071,17.38,15.108,13.487
"0.744/378.96795",18.43,10.167,10.234,30.479,22.84
"0.535/659.44957",18.422,19.639,18.067,18.862,17.12
"3.657/268.10845",18.348,20.19,22.598,14.629,15.976
"0.527/643.25245",18.342,15.153,15.12,23.528,19.565
"4.947/295.15443",18.298,24.71,17.251,16.511,14.722
"0.638/761.48837",18.281,15.605,17.741,20.965,18.814
"0.590/631.24914",18.164,12.187,14.938,24.847,20.682
"3.683/268.02270",18.125,20.124,24.504,12.546,15.327
"3.673/288.05274",18.12,19.759,17.848,18.252,16.622
"6.010/459.28609",17.982,19.407,17.239,18.612,16.669
"3.683/304.12032",17.943,12.602,19.054,20.677,19.438
"0.516/386.79707",17.92,15.194,16.768,21.123,18.595
"0.602/424.98495",17.905,19.615,12.829,21.974,17.203
"1.664/206.13905",17.871,20.592,13.112,21.131,16.65
"5.293/173.13477",17.806,23.279,13.406,19.284,15.256
"4.636/434.16028",17.748,23.042,17.394,15.963,14.593
"3.677/302.11708",17.726,19.217,17.426,17.943,16.318
"4.328/337.15079",17.715,8.8359,8.5095,30.902,22.612
"3.676/156.04205",17.698,13.417,19.994,18.867,18.512
"0.510/424.81752",17.649,14.263,15.927,21.669,18.738
"4.917/425.05585",17.576,12.14,10.605,27.05,20.509
"4.437/144.14763",17.575,18.222,20.636,15.453,15.991
"3.652/202.07173",17.568,24.759,22.9,10.037,12.575
"5.752/201.63329",17.567,26.107,18.504,12.954,12.701
"5.290/246.21981",17.53,14.457,13.873,22.981,18.81
"0.798/181.10833",17.521,13.598,14.349,23.026,19.11
"4.769/392.01259",17.521,20.681,15.28,18.44,15.682
"0.660/276.21043",17.477,33.625,21.544,6.1675,8.5692
"0.510/400.81354",17.476,13.44,17.148,20.681,18.634
"5.162/261.15825",17.425,30.247,20.245,8.9406,10.268
"0.518/387.80635",17.361,15.788,16.828,19.405,17.422
"0.694/395.70561",17.351,17.722,17.337,17.918,16.428
"4.456/328.17251",17.328,17.885,17.137,17.942,16.351
"4.914/463.01281",17.326,12.858,10.338,26.281,19.825
"0.636/627.21634",17.282,12.709,16.358,21.262,18.798
"1.453/190.14409",17.256,18.506,11.15,22.399,16.97
"0.734/599.40981",17.143,8.2663,8.1783,30.105,22.023
"6.002/221.63141",17.064,18.491,16.402,17.588,15.776
"4.544/348.17784",17.049,13.183,14.088,22.329,18.597
"5.296/143.60895",16.99,21.013,12.675,19.143,15.13
"3.677/177.13402",16.99,12.324,15.649,21.354,18.633
"0.585/669.20562",16.943,14.93,14.995,20.38,17.467
"5.206/359.25698",16.929,33.123,19.862,6.5135,8.218
"4.768/370.02709",16.844,23.434,15.289,15.318,13.334
"0.510/778.58376",16.84,16.803,15.529,18.681,16.348
"0.819/210.12482",16.837,9.9153,9.8017,27.134,20.499
"0.807/124.07393",16.821,17.65,11.183,21.782,16.667
"0.800/132.13684",16.8,22.782,20.061,11.606,12.752
"4.916/236.15184",16.794,19.837,11.853,19.986,15.502
"4.913/590.87410",16.723,14.838,15.558,19.431,17.063
"6.007/230.14522",16.702,17.084,15.667,18.082,15.975
"4.543/495.51946",16.656,10.639,12.174,24.338,19.472
"2.003/230.06159",16.637,29.878,20.213,7.2661,9.1923
"4.774/312.04478",16.636,22.469,13.57,16.762,13.742
"0.507/739.48677",16.635,15.349,13.261,20.85,17.08
"5.021/434.24300",16.615,21.298,12.443,18.276,14.441
"1.994/268.01764",16.609,28.227,20.495,7.8526,9.8611
"3.658/112.04841",16.607,19.144,20.449,12.778,14.059
"0.727/245.41201",16.573,19.842,11.809,19.486,15.155
"1.341/210.12496",16.564,11.591,10.195,25.245,19.224
"5.382/350.89213",16.559,14.043,12.116,22.321,17.758
"0.510/794.56479",16.557,16.23,14.256,19.363,16.38
"0.727/246.17400",16.519,20.27,11.965,18.996,14.845
"1.160/210.12547",16.517,10.541,11.33,24.757,19.441
"0.503/868.58285",16.446,17.56,16.334,16.655,15.235
"4.399/164.05486",16.433,25.864,16.392,12.103,11.371
"0.635/267.21375",16.395,10.061,13.703,22.752,19.064
"5.382/230.22502",16.371,28.213,16.941,10.236,10.096
"5.568/459.28787",16.369,22.566,19.923,10.796,12.19
"4.785/463.01087",16.328,13.402,11.725,22.432,17.752
"0.735/593.21638",16.323,16.844,13.2,19.344,15.905
"5.118/406.24903",16.297,25.691,15.514,12.598,11.386
"4.552/495.18421",16.261,8.2625,9.9116,26.543,20.328
"1.994/143.02633",16.252,30.137,21.297,5.2983,8.2755
"4.636/447.19185",16.22,22.575,15.908,13.762,12.634
"4.771/332.06992",16.166,23.436,14.714,14.159,12.354
"5.040/332.20979",16.13,28.862,18.867,7.7071,9.0848
"4.613/164.07432",16.105,23.123,18.113,11.361,11.822
"3.673/341.82570",16.098,19.658,21.519,10.385,12.83
"1.689/148.13216",16.047,20.861,12.184,17.357,13.785
"4.350/240.05592",16.038,27.049,20.006,7.5162,9.5813
"4.418/390.13966",16.036,17.752,10.131,20.708,15.552
"0.510/768.54677",16.02,14.029,11.462,21.57,17.018
"4.896/474.25343",15.966,13.699,16.974,17.046,16.146
"4.613/102.05230",15.955,22.879,17.35,11.765,11.827
"4.605/380.20538",15.945,22.276,14.517,14.414,12.572
"4.426/236.15176",15.923,18.187,11.801,18.816,14.887
"4.352/296.02462",15.863,24.944,19.719,8.4662,10.324
"1.150/485.36573",15.822,7.4902,6.5502,28.689,20.56
"4.920/447.03642",15.816,10.132,9.4587,24.839,18.835
"4.324/285.07467",15.741,17.711,15.608,15.477,14.17
"4.407/147.11206",15.715,24.128,16.283,11.398,11.05
"3.664/174.08613",15.685,10.812,13.144,21.1,17.684
"2.348/268.02004",15.678,31.151,21.26,3.3987,6.9016
"4.687/263.63493",15.653,4.8398,6.2722,29.938,21.562
"1.151/160.13255",15.641,17.532,15.604,15.336,14.094
"1.455/165.10184",15.625,25.527,17.842,9.1347,9.9962
"4.645/272.17541",15.603,27.671,16.8,8.7923,9.1495
"0.629/608.40473",15.593,20.496,18.183,11.484,12.21
"5.112/599.31479",15.575,18.303,17.64,13.073,13.286
"0.619/432.24946",15.53,8.9992,8.2849,25.733,19.104
"1.163/307.12888",15.509,12.844,10.743,21.572,16.876
"6.170/294.17804",15.492,17.478,16.208,14.504,13.779
"0.619/387.19046",15.471,9.8193,9.3355,24.278,18.452
"5.448/216.20789",15.457,24.415,18.85,8.4917,10.07
"4.785/409.98662",15.444,20.501,14.173,14.447,12.653
"0.840/103.78735",15.436,12.389,11.736,20.819,16.801
"0.760/467.20170",15.424,16.825,13.142,17.236,14.496
"4.556/744.27475",15.396,7.3574,8.0084,26.522,19.695
"3.677/176.01090",15.388,10.563,17.583,16.836,16.571
"4.924/348.21879",15.375,14.798,11.412,19.643,15.648
"3.665/240.86866",15.299,19.45,20.132,9.7219,11.893
"1.094/429.10640",15.263,19.344,12.455,16.061,13.194
"4.546/366.18866",15.233,8.3156,10.744,23.344,18.527
"0.760/446.27135",15.205,16.316,13.905,16.348,14.251
"0.635/174.18466",15.185,12.09,9.5655,22.175,16.91
"4.438/127.12151",15.175,14.54,17.375,14.354,14.433
"4.910/148.14308",15.158,19.92,12.524,15.439,12.749
"0.510/792.54802",15.136,18.586,18.177,11.415,12.366
"4.717/338.18887",15.071,32.274,18.918,3.2724,5.8175
"1.090/306.06588",15.017,10.926,9.9275,22.096,17.119
"4.551/742.28040",14.999,5.9264,7.0152,27.159,19.894
"4.300/316.11984",14.973,17.559,11.521,17.096,13.715
"1.320/212.10427",14.973,30.589,19.133,3.7659,6.4031
"4.677/423.21090",14.9,14.088,15.966,15.103,14.444
"0.777/379.14557",14.838,18.537,14.505,13.769,12.541
"4.993/602.88263",14.806,27.205,16.976,6.9749,8.0678
"0.508/818.55735",14.796,16.148,15.672,13.986,13.378
"5.344/331.25189",14.778,16.164,12.807,16.311,13.83
"0.708/180.15772",14.776,17.123,13.861,14.915,13.204
"0.687/146.11679",14.761,13.884,11.731,18.39,15.039
"4.915/401.20502",14.72,28.416,19.315,4.1753,6.9735
"2.364/361.18063",14.691,24.101,15.201,9.8419,9.6208
"0.619/425.14776",14.688,8.2373,8.221,24.167,18.128
"1.149/309.12559",14.675,13.937,10.699,19.01,15.053
"4.363/166.07029",14.649,20.665,14.43,12.23,11.271
"4.791/323.16141",14.616,26.186,18.561,5.751,7.9662
"4.646/336.17850",14.604,18.222,11.237,16.086,12.872
"0.687/87.04142",14.594,15.039,12.921,16.379,14.038
"1.350/132.13725",14.593,13.964,12.844,17.018,14.546
"3.671/306.06476",14.559,15.51,14.775,14.502,13.449
"4.847/366.18906",14.533,19.113,14.797,12.481,11.741
"3.657/270.12288",14.521,19.941,19.793,7.8617,10.487
"4.431/427.17400",14.507,6.0714,6.2487,26.532,19.177
"1.068/141.06447",14.481,27.355,17.75,5.4687,7.3505
"0.771/160.13252",14.48,13.991,13.302,16.353,14.276
"1.052/307.12913",14.472,12.754,11.061,18.857,15.216
"1.535/203.13995",14.441,19.508,12.902,13.62,11.735
"0.760/326.22376",14.441,17.437,11.379,15.996,12.95
"0.702/182.12958",14.408,6.3599,10.464,22.64,18.167
"4.918/379.90032",14.383,6.8895,7.0901,25.095,18.459
"0.669/147.09051",14.373,11.463,11.133,19.255,15.642
"0.588/690.15057",14.337,9.6419,10.461,20.705,16.54
"0.526/606.30129",14.336,6.9095,9.6035,22.886,17.946
"4.407/295.11809",14.303,18.595,16.412,10.866,11.339
"0.627/421.77345",14.3,20.346,14.411,11.576,10.867
"4.675/330.60299",14.289,30.921,18.149,2.7554,5.3317
"4.419/306.16467",14.272,26.776,16.443,6.361,7.5084
"1.393/207.20748",14.251,8.9827,10.592,20.745,16.686
"4.670/216.06571",14.241,18.219,14.762,12.289,11.696
"1.169/215.97905",14.189,19.917,16.024,10.202,10.614
"0.563/405.23398",14.17,15.628,12.238,15.605,13.208
"5.310/298.19310",14.149,20.813,15.561,10.005,10.215
"0.677/409.19516",14.098,15.58,12.758,15.026,13.027
"0.760/281.16392",14.097,17.275,10.452,16.024,12.637
"1.450/198.16090",14.076,16.649,9.7714,16.876,13.009
"1.169/166.13298",14.055,20.619,14.584,10.695,10.322
"0.522/577.37984",14.026,10.047,9.3223,20.682,16.053
"2.260/501.12070",14.018,16.39,10.412,16.343,12.926
"4.914/500.96632",14.008,6.7088,6.7972,24.532,17.996
"4.560/361.20496",13.99,16.336,11.878,15.088,12.657
"5.201/401.06812",13.986,16.236,11.791,15.205,12.712
"4.771/338.08137",13.91,28.827,19.021,2.2446,5.5467
"4.538/252.08503",13.881,22.371,15.574,8.5111,9.0688
"4.408/263.12645",13.847,21.684,15.337,8.9939,9.371
"4.960/798.82932",13.844,9.7561,8.3987,21.165,16.055
"4.439/339.09704",13.821,18.168,13.909,12.009,11.196
"0.744/363.15068",13.761,12.77,9.048,18.803,14.421
"1.102/220.12039",13.753,13.132,12.159,16.01,13.712
"0.662/453.22260",13.739,14.252,12.714,14.911,13.077
"2.308/143.02531",13.731,27.356,17.542,3.8318,6.1931
"5.368/232.20460",13.647,10.004,12.619,17.058,14.909
"4.600/334.19727",13.61,12.981,8.6043,18.694,14.159
"4.413/362.10918",13.601,18.535,14.764,10.574,10.533
"0.677/388.26474",13.598,13.243,11.599,16.041,13.51
"0.727/284.13085",13.577,15.534,9.2541,16.7,12.818
"4.481/312.04395",13.559,15.777,9.5399,16.291,12.63
"1.344/307.12739",13.555,13.955,9.2353,17.514,13.515
"0.644/583.29371",13.54,12.792,12.702,15.228,13.437
"0.644/541.27828",13.539,13.926,13.405,14.032,12.792
"4.790/322.15991",13.523,24.139,17.329,5.2396,7.3842
"0.685/417.71968",13.448,7.0032,10.279,20.133,16.376
"5.061/486.25476",13.444,20.74,12.621,10.784,9.6295
"4.418/414.11840",13.411,7.9521,8.2939,21.18,16.218
"0.665/432.29241",13.399,13.007,11.427,15.83,13.331
"0.644/520.34733",13.368,13.47,12.896,14.288,12.818
"2.327/305.97813",13.336,23.883,16.953,5.2377,7.2688
"4.672/144.03886",13.309,16.265,13.444,12.187,11.341
"2.658/469.33638",13.225,12.178,13.622,14.038,13.064
"0.519/753.50175",13.188,17.522,12.913,11.658,10.659
"1.319/198.07360",13.178,17.256,14.995,10.051,10.411
"0.801/307.12879",13.177,10.824,9.4821,18.085,14.319
"0.628/629.32909",13.175,13.288,13.149,13.711,12.553
"5.227/296.06989",13.168,13.52,9.8956,16.268,12.989
"1.973/161.61395",13.168,20.096,12.993,10.157,9.4252
"0.653/497.24772",13.16,13.205,12.639,14.142,12.653
"0.652/476.31954",13.16,12.779,11.685,15.162,13.012
"4.648/419.92713",13.156,16.833,14.525,10.614,10.651
"4.480/368.01205",13.147,15.578,9.5432,15.402,12.066
"0.752/490.30020",13.146,10.439,9.8624,17.9,14.381
"0.744/370.25274",13.111,13.496,9.381,16.57,12.997
"0.510/800.62669",13.1,9.261,13.265,15.601,14.272
"5.393/255.94283",13.093,21.922,15.009,7.3216,8.12
"4.679/275.05612",13.09,14.424,10.3,15.258,12.379
"0.637/585.30489",13.046,12.382,12.655,14.297,12.849
"0.696/365.16769",13.033,13.821,11.101,14.779,12.43
"0.744/342.22061",13.009,12.575,9.1031,17.051,13.308
"4.549/294.03294",13.004,11.746,7.7349,18.619,13.915
"5.345/337.17684",12.999,11.646,14.659,12.917,12.773
"2.619/352.25016",12.997,9.9772,11.617,16.335,14.059
"0.694/308.98165",12.975,15.355,13.982,11.424,11.138
"0.619/305.11028",12.966,12.76,7.6947,18.017,13.395
"4.673/714.31689",12.951,25.106,14.728,5.4973,6.4724
"0.761/263.15156",12.925,14.569,9.1374,15.746,12.248
"4.506/397.15717",12.921,10.133,7.4465,19.527,14.577
"0.752/244.15790",12.912,12.8,10.296,15.706,12.846
"1.109/461.14628",12.876,24.628,17.609,3.184,6.0827
"4.449/591.09646",12.869,17.28,11.374,12.296,10.526
"0.635/564.37561",12.868,12.14,12.073,14.482,12.778
"1.118/202.08686",12.857,12.218,11.159,15.17,12.88
"2.370/323.22460",12.843,24.844,14.441,5.6165,6.4707
"0.577/598.31755",12.832,15.138,14.182,11.032,10.978
"4.641/277.15407",12.825,21.227,13.736,8.1055,8.2318
"0.644/562.36160",12.795,11.696,12.212,14.429,12.843
"0.744/325.19239",12.752,12.147,8.9272,16.809,13.127
"0.727/716.96377",12.725,8.8166,13.491,14.75,13.843
"4.913/81.04237",12.704,20.242,15.901,6.5482,8.1253
"0.635/368.72766",12.693,5.4988,11.715,17.931,15.626
"0.694/340.13427",12.691,6.6264,4.1051,23.632,16.4
"3.660/151.04131",12.685,13.381,12.23,13.241,11.887
"4.597/378.18874",12.665,12.413,8.7559,16.597,12.895
"3.660/124.03739",12.661,6.6206,12.692,16.44,14.891
"0.802/237.13617",12.66,25.993,16.623,2.7478,5.2783
"4.760/355.08997",12.622,9.8185,8.1996,18.35,14.118
"1.118/466.17964",12.612,10.896,9.3363,16.805,13.413
"4.418/290.21351",12.607,17.202,15.122,8.5979,9.5073
"4.666/254.13704",12.6,11.34,8.0367,17.615,13.41
"4.795/407.98411",12.575,14.475,10.064,14.183,11.577
"4.779/315.11193",12.57,19.836,13.245,8.6481,8.5531
"0.762/488.28339",12.55,17.153,11.884,11.172,9.9907
"4.324/216.17246",12.524,10.366,12.618,14.154,12.956
"0.510/406.78620",12.511,8.2468,10.736,16.825,14.235
"2.142/537.18551",12.486,14.002,12.53,12.178,11.233
"4.471/405.96881",12.483,17.062,10.242,12.422,10.207
"4.340/342.16050",12.469,20.879,13.999,7.2164,7.7819
"1.102/429.31706",12.469,10.3,11.929,14.629,13.017
"0.587/692.14834",12.453,7.631,8.8535,18.578,14.748
"4.399/262.10605",12.452,22.135,14.455,6.1201,7.0971
"4.308/208.09403",12.451,21.649,12.715,7.8221,7.616
"4.427/174.12343",12.418,14.511,13.136,11.239,10.788
"0.537/500.39219",12.414,14.29,11.023,13.1,11.243
"2.140/269.09213",12.382,15.019,12.27,11.596,10.643
"4.301/190.08235",12.367,24.391,16.313,3.1598,5.6042
"4.547/345.08441",12.344,12.999,10.329,14.201,11.845
"4.452/377.05327",12.341,16.701,14.35,8.8658,9.4468
"4.785/252.08436",12.329,9.1655,10.9,15.757,13.495
"4.914/142.09682",12.309,21.661,16.371,4.4412,6.7619
"2.489/190.10728",12.307,20.078,13.569,7.6145,7.9681
"4.321/200.05558",12.296,8.5549,8.273,18.185,14.171
"0.752/511.23064",12.287,8.6476,9.0224,17.492,13.987
"4.919/495.51610",12.274,6.8396,8.8585,18.57,14.829
"0.577/642.34278",12.273,15.344,14.521,9.2895,9.9354
"2.913/275.10682",12.237,18.149,11.681,10.05,9.0684
"4.608/399.98115",12.235,19.87,13.057,7.9774,8.037
"0.667/538.39292",12.234,8.312,5.824,20.197,14.602
"0.565/421.24219",12.213,12.929,9.6587,14.479,11.784
"3.641/60.05345",12.185,16.261,16.127,7.2539,9.1002
"5.115/615.28978",12.185,13.416,15.524,9.2864,10.516
"0.659/518.33288",12.181,9.2968,10.328,15.805,13.297
"2.141/403.13808",12.167,14.577,12.934,10.764,10.392
"4.722/275.17453",12.161,11.103,13.954,11.775,11.813
"3.685/260.05522",12.16,9.7311,7.372,17.972,13.567
"4.769/401.20471",12.157,26.782,15.77,1.8173,4.2602
"0.817/146.11715",12.15,20.625,15.645,5.2172,7.1109
"4.481/350.00265",12.134,14.618,9.5336,13.483,10.9
"5.124/220.16711",12.127,9.9229,9.4547,16.059,13.069
"0.657/669.33248",12.126,11.158,12.515,12.854,11.977
"4.417/182.09231",12.126,11.654,8.2863,16.094,12.468
"3.670/214.06564",12.119,13.452,16.961,7.9138,10.149
"2.903/297.08737",12.117,14.689,11.012,12.178,10.589
"0.735/137.10622",12.115,18.028,12.914,8.7973,8.7197
"1.117/428.22175",12.109,12.939,10.763,13.307,11.426
"2.328/230.06102",12.108,24.9,16.494,2.1106,4.9265
"3.669/246.09250",12.09,9.8898,15.179,11.24,12.05
"1.534/248.15311",12.086,16.834,10.837,11.094,9.5794
"4.600/503.14960",12.084,11.108,9.7672,15.059,12.401
"5.120/262.15355",12.062,22.178,14.032,5.5092,6.5305
"4.454/270.14701",12.049,7.2859,10.693,16.266,13.953
"0.710/605.80713",12.03,11.622,13.811,11.298,11.389
"4.314/192.09761",12.019,5.9755,4.3823,22.133,15.585
"3.660/137.04249",12.014,15.339,9.8964,12.505,10.315
"1.580/344.25999",12.013,9.5742,12.01,13.854,12.615
"4.411/222.03162",12.011,16.733,12.727,9.4001,9.1851
"1.110/224.05090",11.971,12.932,12.566,11.483,10.903
"0.627/293.21536",11.94,14.868,10.561,12.029,10.302
"0.665/625.30268",11.935,9.0515,11.503,14.366,12.817
"0.658/539.26263",11.925,10.687,11.144,13.761,12.108
"0.744/401.10750",11.923,9.4482,6.8162,18.013,13.415
"3.663/152.05558",11.91,9.0667,14.602,11.729,12.243
"1.101/153.00516",11.882,22.395,15.41,3.8131,5.9082
"1.339/198.16045",11.871,10.992,8.588,15.586,12.318
"4.383/128.06899",11.866,14.414,9.3595,13.093,10.599
"3.649/128.06894",11.858,12.853,13.288,10.655,10.637
"4.568/344.03812",11.852,21.83,14.52,4.7842,6.2736
"0.509/419.79466",11.849,6.0534,11.689,15.621,14.034
"4.660/304.20267",11.842,11.572,6.9923,16.528,12.276
"0.818/145.66846",11.801,18.92,13.815,6.8138,7.6566
"4.668/252.08629",11.774,10.741,11.793,12.828,11.733
"4.640/446.18956",11.761,18.322,13.15,7.5902,7.9816
"4.959/320.94973",11.749,8.2204,8.7794,16.626,13.371
"4.844/405.96729",11.701,13.234,8.2599,14.241,11.068
"4.377/318.18196",11.68,20.08,13.169,6.4327,7.0384
"5.060/643.32524",11.664,10.879,13.081,11.42,11.274
"1.422/145.66778",11.643,12.148,8.2938,14.659,11.472
"4.382/187.14471",11.633,13.629,9.0651,13.197,10.641
"0.806/198.16142",11.633,10.033,8.7444,15.398,12.355
"1.494/85.07391",11.618,17.327,10.354,10.099,8.6899
"0.676/269.69510",11.602,8.9644,5.6167,18.494,13.333
"4.737/223.07572",11.596,14.41,11.028,11.061,9.888
"4.794/340.02593",11.555,15.689,9.3854,11.634,9.5116
"4.423/169.56802",11.55,16.599,9.9043,10.702,8.9953
"4.468/573.32188",11.549,10.182,9.8515,14.198,11.965
"0.667/460.32370",11.508,12.58,10.494,12.276,10.684
"5.398/312.92561",11.446,15.322,11.397,9.9005,9.1649
"3.660/139.91305",11.434,13.663,14.981,7.7916,9.3005
"5.389/198.94073",11.419,15.887,11.836,9.1668,8.7863
"3.661/138.05430",11.409,16.102,13.507,7.6398,8.3857
"2.956/148.09589",11.409,10.703,10.91,12.701,11.321
"4.840/368.01271",11.398,12.112,7.4528,14.786,11.244
"0.519/665.44417",11.391,10.067,7.9798,15.431,12.085
"4.420/392.13724",11.366,5.0376,4.53,20.941,14.956
"0.693/195.98854",11.363,13.932,12.281,9.7153,9.5239
"0.510/675.28654",11.36,12.086,7.9384,14.304,11.111
"0.770/159.06451",11.328,13.869,11.232,10.534,9.6757
"4.659/350.15565",11.325,9.6408,6.5894,16.655,12.414
"4.776/238.07866",11.321,20.646,13.544,4.9503,6.1424
"1.683/135.04683",11.306,20.057,12.505,6.0941,6.5679
"2.602/234.44078",11.3,10.131,8.4311,14.804,11.835
"2.233/376.13980",11.29,17.099,12.735,7.4566,7.8683
"1.102/385.01875",11.269,3.4384,4.1941,21.846,15.596
"4.418/272.06799",11.264,14.335,13.733,8.0544,8.9325
"0.519/614.46476",11.256,15.995,10.95,9.4492,8.6276
"0.527/666.21119",11.229,5.6031,7.9553,17.465,13.893
"1.689/137.04211",11.227,18.291,11.627,7.5818,7.4067
"0.683/156.05786",11.213,16.896,13.202,6.994,7.7605
"5.018/361.97818",11.212,19.464,14.565,4.4781,6.3412
"4.425/123.70517",11.195,17.823,11.329,8.0051,7.6235
"0.694/271.02412",11.19,13.425,12.649,9.2653,9.42
"0.644/85.02602",11.186,13.573,8.1624,12.899,10.111
"4.588/405.96802",11.181,14.178,8.793,12.038,9.7161
"4.943/487.23930",11.174,13.891,9.1264,11.899,9.781
"4.259/74.02140",11.16,9.2421,7.9975,15.305,12.096
"1.101/258.07708",11.091,7.846,9.3452,14.771,12.401
"0.694/227.03206",11.074,11.74,11.727,10.659,10.171
"4.424/124.08594",11.069,19.203,11.288,6.9931,6.7939
"4.424/170.09284",11.065,18.701,10.929,7.5513,7.0801
"4.836/263.12638",11.057,12.923,8.7829,12.423,10.1
"0.626/652.43152",11.052,9.7024,9.7205,13.367,11.418
"0.754/250.16846",11.03,17.116,9.9403,9.1393,7.9239
"0.607/290.21485",11.024,9.8438,8.8793,13.921,11.452
"2.138/671.23415",11.023,9.1295,10.251,13.166,11.547
"5.643/676.80985",11.013,10.996,9.0705,13.115,10.87
"5.049/660.01214",10.997,21.064,15.055,2.6921,5.1779
"4.625/394.98840",10.992,18.072,10.689,7.9132,7.2956
"1.108/700.29388",10.984,11.776,7.1461,14.222,10.792
"2.680/352.25221",10.964,11.856,11.552,10.475,9.9721
"1.454/176.12805",10.947,5.6765,4.2967,19.781,14.035
"0.769/135.09000",10.944,16.618,11.378,8.007,7.7718
"4.320/301.04772",10.935,8.7633,7.3634,15.544,12.067
"1.101/115.04833",10.911,22.951,14.393,2.0167,4.2823
"2.140/539.17995",10.903,10.846,10.218,11.978,10.569
"0.602/160.04183",10.881,11.958,7.2098,13.822,10.533
"1.101/467.27489",10.88,5.1577,7.7833,17.006,13.573
"5.360/296.07130",10.879,8.3333,5.1563,17.473,12.553
"4.414/289.21108",10.863,13.198,11.74,9.3525,9.1596
"5.234/317.26036",10.835,10.549,7.7006,14.064,11.028
"0.754/278.14606",10.824,11.494,7.4403,13.744,10.618
"5.114/691.20878",10.822,21.278,13.475,3.4649,5.0699
"1.969/162.11287",10.816,12.839,8.5772,12.057,9.7907
"4.307/242.05606",10.807,8.2208,13.718,10.259,11.032
"0.741/292.92690",10.774,10.059,6.2571,15.377,11.402
"3.663/90.05256",10.754,10.751,11.081,10.954,10.228
"4.607/255.04903",10.746,9.6128,9.8016,12.609,10.959
"4.568/188.17587",10.742,13.038,9.1298,11.313,9.4865
"0.732/278.69995",10.703,8.2812,10.129,12.951,11.45
"2.339/184.09459",10.7,21.716,12.897,3.4152,4.7727
"4.410/152.08989",10.692,17.884,12.355,5.9096,6.6217
"0.742/208.96269",10.691,6.3891,4.2132,18.85,13.314
"4.589/559.12054",10.678,11.375,8.0207,12.975,10.342
"0.751/116.10573",10.678,7.5612,5.2122,17.358,12.581
"0.512/720.53931",10.653,6.2999,4.6838,18.416,13.214
"0.682/132.10030",10.649,9.7954,9.6226,12.427,10.752
"5.175/319.17727",10.639,15.147,9.9904,9.2142,8.2022
"1.533/286.10799",10.625,14.102,8.9415,10.616,8.8427
"5.029/275.17566",10.615,18.967,12.264,5.2138,6.0134
"2.152/559.16845",10.598,14.405,8.2173,10.987,8.7825
"3.644/146.08098",10.585,13.53,12.394,7.961,8.4533
"4.320/246.06331",10.584,6.7649,8.002,15.245,12.323
"4.425/96.06563",10.559,16.934,9.7388,8.2687,7.2938
"0.701/516.33258",10.555,17.982,10.716,6.8838,6.6367
"4.247/87.05314",10.551,5.7662,6.5754,16.888,12.976
"0.509/405.77725",10.547,4.3361,8.5839,15.981,13.287
"0.685/221.16687",10.524,18.941,11.004,6.0552,6.0966
"2.370/103.03762",10.519,16.585,10.768,7.5076,7.2166
"4.604/518.14302",10.509,15.49,11.752,7.2562,7.5381
"1.492/212.10459",10.495,21.018,12.876,3.314,4.7729
"4.789/201.12379",10.492,18.088,11.342,6.157,6.382
"0.770/218.14105",10.486,14.677,12.468,7.0442,7.7545
"4.595/685.15354",10.482,14.765,11.231,8.0135,7.9184
"3.668/256.08729",10.48,6.9615,15.403,8.7494,10.806
"4.666/234.07436",10.478,8.9686,9.7648,12.341,10.838
"4.826/362.02134",10.439,11.281,8.8105,11.793,9.8701
"1.162/118.12117",10.433,3.943,3.9949,19.724,14.069
"1.110/431.14177",10.416,12.768,8.2878,11.371,9.2368
"2.900/269.07202",10.404,12.453,9.8858,10.187,9.0915
"0.678/260.18970",10.4,12.66,11.5,8.7272,8.7147
"3.662/245.11623",10.388,9.3599,14.596,7.9051,9.6899
"0.633/288.67278",10.386,11.122,9.5988,11.098,9.7262
"4.413/330.10097",10.383,7.426,5.6151,16.385,12.106
"4.295/180.08769",10.338,13.821,8.0824,10.787,8.6625
"3.668/143.11663",10.338,5.5861,8.2068,15.117,12.442
"5.116/577.33244",10.335,12.413,13.881,6.7279,8.3189
"4.604/647.19376",10.327,11.843,11.352,9.1139,9.0008
"4.592/261.08177",10.327,11.976,9.069,10.935,9.3279
"0.635/467.27543",10.323,13.81,11.821,7.6543,8.0054
"4.443/378.13943",10.28,6.0933,7.3274,15.433,12.265
"2.015/203.13994",10.277,6.7424,6.2223,15.993,12.149
"0.574/293.21478",10.247,10.45,9.5404,11.172,9.8245
"2.955/102.08948",10.233,7.292,8.6659,13.565,11.41
"1.077/199.01987",10.226,8.8993,8.0891,13.161,10.755
"0.710/218.21355",10.221,12.032,7.4505,11.993,9.4102
"4.903/265.14233",10.209,12.786,10.203,9.2748,8.5741
"4.409/175.14495",10.204,19.578,11.783,4.2953,5.162
"4.738/379.98812",10.198,13.657,11.266,7.8976,7.9734
"3.654/252.14671",10.198,16.02,13.586,4.7,6.4868
"0.744/456.24852",10.176,7.757,4.3407,16.765,11.842
"4.847/423.97887",10.168,10.356,7.0974,13.061,10.16
"4.684/341.05933",10.131,13.507,7.7944,10.696,8.5277
"4.258/88.03725",10.124,8.7775,8.0735,12.994,10.652
"0.710/152.06980",10.12,10.471,8.6345,11.606,9.7678
"4.397/371.06993",10.114,16.565,10.597,6.6835,6.6111
"0.731/594.35955",10.104,4.3783,6.1868,16.88,12.973
"0.669/495.23495",10.103,10.106,9.9494,10.67,9.6845
"13.293/453.79731",10.084,17.804,11.475,5.2164,5.8424
"3.672/189.12368",10.077,6.4115,9.016,13.371,11.507
"0.537/193.17367",10.066,7.1194,6.9493,14.679,11.517
"4.565/323.07565",10.047,7.0484,6.5931,14.968,11.58
"4.827/500.10682",10.035,6.3707,6.226,15.608,11.936
"0.727/562.86336",10.031,5.678,9.2183,13.489,11.739
"6.138/429.14580",10.023,7.7193,6.4106,14.698,11.262
"5.449/395.42006",10.004,7.8625,7.8328,13.397,10.924
"3.674/132.07474",10.004,10.431,13.804,7.0603,8.7205
"0.765/420.30652",10.003,10.33,7.1972,12.593,9.8924
"4.698/342.03202",9.9954,15.402,12.87,5.1384,6.5721
"4.898/284.13749",9.9846,8.9639,9.0313,11.763,10.181
"1.098/227.08715",9.9815,13.24,12.415,6.6458,7.6252
"4.307/348.07992",9.9755,12.24,11.659,7.7969,8.206
"0.669/474.30602",9.9487,8.3069,9.0181,12.041,10.429
"4.257/116.03269",9.9444,5.5917,6.2492,15.789,12.148
"4.411/260.21160",9.9337,10.913,11.764,8.3233,8.7342
"1.425/146.11740",9.8959,7.9352,6.4874,14.213,10.948
"0.752/223.03806",9.8941,10.984,9.5867,9.9961,9.01
"4.455/373.04746",9.8873,10.08,10.468,9.7351,9.2661
"0.769/421.26515",9.8681,8.373,6.2836,14.079,10.737
"4.427/144.11246",9.8578,11.77,7.0326,11.604,9.0247
"4.440/335.09031",9.8569,8.5026,9.3074,11.474,10.144
"0.596/334.23578",9.8488,13.723,13.263,5.3625,7.0468
"4.814/211.00680",9.8474,9.7858,6.8712,12.781,9.9516
"5.115/311.14754",9.8401,15.309,13.428,4.3507,6.273
"0.744/635.22810",9.833,8.3192,8.0733,12.539,10.401
"4.918/430.14967",9.8203,8.2445,6.0698,14.21,10.757
"4.594/392.11660",9.8199,9.5196,7.9198,11.988,9.852
"0.952/218.14211",9.8133,9.4751,9.2946,10.856,9.6276
"4.775/200.12075",9.8108,19.364,11.979,3.2983,4.6015
"0.694/430.27597",9.7941,8.3536,8.1939,12.327,10.303
"0.569/305.12159",9.7919,9.0125,8.7009,11.546,9.9083
"2.387/102.09030",9.7834,18.303,11.958,3.8207,5.0512
"4.789/218.15196",9.767,15.435,9.7043,7.1954,6.7334
"4.311/346.99594",9.7583,9.6886,9.6424,10.32,9.3824
"4.927/429.15064",9.757,7.7614,5.6918,14.631,10.943
"0.760/211.03833",9.7509,14.202,9.6212,7.8893,7.291
"5.359/360.08916",9.7476,9.8094,5.9808,13.266,9.934
"4.249/133.06023",9.7404,3.4841,5.3912,17.144,12.942
"4.523/562.02807",9.7326,14.051,9.7949,7.7825,7.302
"0.719/407.17902",9.7243,9.1844,7.4798,12.303,9.9298
"0.875/279.11319",9.7203,7.2952,4.7741,15.555,11.257
"4.769/266.10917",9.6956,10.983,9.3426,9.7203,8.7365
"4.398/367.06361",9.6882,11.53,10.079,8.7976,8.3468
"4.675/262.14338",9.6829,18.425,11.784,3.6575,4.865
"1.149/246.20874",9.6822,9.1355,9.3823,10.65,9.5611
"0.652/144.06384",9.6689,8.0721,5.6653,14.274,10.665
"0.719/351.20937",9.6651,6.6147,6.4063,14.434,11.205
"4.407/430.09613",9.6537,3.6333,4.1279,17.902,12.951
"4.689/212.03421",9.6404,6.1191,6.7917,14.322,11.329
"0.744/576.34168",9.64,7.4401,8.2103,12.433,10.476
"0.719/202.13563",9.6374,11.438,11.814,7.2849,8.0125
"5.080/232.14143",9.6291,19.391,12.108,2.7386,4.2784
"1.092/486.20417",9.6256,11.272,7.6132,10.831,8.7866
"0.777/258.09471",9.6208,13.431,11.59,6.3577,7.1046
"1.821/132.10033",9.6197,4.5945,5.4665,16.192,12.225
"3.662/208.11899",9.6142,11.09,12.375,6.9511,8.0407
"0.701/228.11577",9.6138,18.305,11.544,3.7548,4.8516
"3.672/126.08975",9.6098,5.6719,8.4049,13.151,11.211
"0.734/556.40227",9.604,6.6215,8.9486,12.175,10.671
"5.114/327.12439",9.5827,14.924,12.719,4.525,6.1622
"0.773/217.46645",9.5769,13.19,11.736,6.2607,7.1213
"4.250/70.02648",9.5698,5.6379,5.4957,15.486,11.66
"1.389/243.18649",9.5697,7.5533,6.5454,13.584,10.596
"4.539/408.06639",9.5563,5.6766,4.4147,16.33,11.805
"4.684/336.10131",9.545,14.691,9.2616,7.4277,6.7993
"5.056/341.13920",9.5446,15.413,11.221,5.4129,6.1314
"5.363/303.21662",9.5264,9.4561,12.132,7.8206,8.6968
"4.660/174.05697",9.5147,6.0115,10.788,10.762,10.497
"0.560/239.13076",9.5024,12.043,7.6005,10.129,8.2374
"4.440/173.01946",9.4922,10.053,9.1473,9.8924,8.8756
"4.842/518.11897",9.4796,7.0968,4.9081,14.971,10.943
"3.677/216.08263",9.4718,7.5106,8.1977,12,10.179
"1.510/184.14382",9.4514,5.7715,3.9488,16.412,11.673
"0.540/485.15020",9.4422,6.6332,8.0683,12.508,10.559
"4.289/276.12308",9.4129,5.2326,5.9193,14.975,11.525
"1.098/245.09902",9.4007,12.935,11.709,5.9955,6.9633
"2.202/516.13086",9.3688,9.3642,8.1311,10.809,9.1709
"4.429/109.07383",9.3029,12.757,9.2277,7.914,7.3135
"2.505/246.09321",9.2882,11.202,9.1323,8.7947,8.0239
"4.397/369.06029",9.2819,11.289,7.5431,10.051,8.2445
"4.530/428.04577",9.274,13.003,8.2965,8.484,7.3125
"0.969/219.14331",9.272,8.7094,9.3612,9.9078,9.1096
"2.894/313.06388",9.2668,9.146,8.4662,10.403,9.0524
"1.575/279.11579",9.2656,7.8405,5.9211,13.214,10.087
"0.718/369.22063",9.218,8.1702,6.9946,12.031,9.6762
"4.405/344.11255",9.214,11.255,9.0271,8.6746,7.8995
"1.344/191.56667",9.2121,6.4845,7.2034,12.751,10.409
"4.321/182.04455",9.2103,4.5587,5.8548,14.902,11.525
"4.338/186.16110",9.2031,12.245,9.9885,7.3177,7.2613
"4.436/246.03913",9.182,17.349,12.331,2.5751,4.4725
"4.720/349.23754",9.1702,14.459,9.0396,6.8332,6.3487
"4.646/373.03763",9.1619,8.3222,6.3726,12.33,9.6228
"4.671/303.11741",9.1573,14.767,8.5557,7.0375,6.2684
"4.726/304.07451",9.1564,11.888,9.9958,7.3912,7.3506
"0.523/512.42969",9.1539,5.6261,4.1008,15.647,11.242
"4.346/156.14876",9.1534,15.652,9.0396,6.1503,5.7713
"4.477/195.00341",9.1488,14.259,10.651,5.5525,6.1323
"1.110/203.03158",9.145,13.937,10.242,6.0557,6.3445
"4.419/338.15577",9.1418,6.776,6.3869,13.102,10.302
"4.893/322.09790",9.1364,3.7313,6.0862,14.978,11.75
"0.527/526.41051",9.136,7.7661,5.1488,13.582,10.047
"4.417/320.14475",9.1251,12.701,9.8802,6.9742,6.9455
"0.739/567.02479",9.1123,2.3658,2.14,18.928,13.015
"5.058/325.16504",9.1097,11.787,10.252,7.121,7.2795
"4.834/69.85110",9.1024,13.356,9.1125,7.2036,6.7381
"2.356/200.06922",9.1008,15.292,9.198,6.0861,5.827
"4.662/290.18601",9.0997,12.328,12.863,4.6393,6.5685
"4.427/424.08772",9.082,14.217,11.917,4.3644,5.83
"2.135/256.96663",9.0778,15.167,12.616,3.2626,5.2654
"5.114/289.16682",9.0764,12.05,11.388,5.9564,6.9116
"2.231/337.24076",9.0618,4.5627,6.5667,13.952,11.166
"1.540/227.03300",9.0572,12.168,7.589,8.9975,7.4738
"0.527/591.36904",9.0442,10.861,7.0086,10.152,8.1558
"0.635/254.92367",9.0421,11.344,8.4093,8.7245,7.6904
"0.644/163.11123",9.04,9.9442,8.8911,9.0736,8.2512
"5.087/261.15781",9.036,9.9363,8.3017,9.5572,8.349
"0.752/115.75082",9.0266,2.0539,1.8768,19.108,13.068
"0.809/230.11643",9.0266,10.451,8.1562,9.3781,8.1213
"6.235/434.80346",9.0237,11.456,8.7722,8.319,7.5478
"1.285/214.04789",9.023,12.88,7.411,8.6794,7.1213
"4.645/511.10905",9.0191,16.557,11.481,3.3148,4.7244
"3.671/194.04846",9.0016,10.572,10.55,7.2668,7.6175
"4.637/232.56932",8.9925,10.019,5.7001,11.566,8.6853
"5.115/653.24760",8.9917,11.648,12.334,5.1836,6.8011
"4.595/521.16382",8.9879,5.4605,6.5292,13.321,10.641
"0.577/636.06407",8.9724,12.97,12.713,4.1109,6.0955
"1.176/198.07758",8.9695,4.0577,5.2369,15.104,11.479
"1.483/205.12714",8.9656,6.9119,4.6392,14.054,10.257
"1.390/104.10570",8.9639,7.7177,6.4696,12.097,9.5707
"0.863/241.15856",8.9504,7.9282,5.5265,12.734,9.6129
"1.172/384.85702",8.9365,14.709,9.9423,5.3865,5.7082
"2.923/231.11408",8.9278,12.483,8.6713,7.6184,6.9385
"4.440/205.15585",8.915,1.9012,0.90323,19.729,13.127
"4.938/646.06585",8.8954,4.7273,2.9519,16.461,11.442
"2.600/507.29178",8.8925,6.4272,8.85,10.646,9.6471
"0.693/413.24681",8.8887,7.9449,7.488,10.949,9.1727
"0.694/458.30751",8.8703,5.8809,6.8211,12.569,10.21
"4.311/134.04358",8.8407,4.9501,5.8018,13.845,10.766
"4.290/278.02967",8.8406,10.138,6.9321,10.114,8.179
"4.452/542.08372",8.8359,10.775,7.691,9.1298,7.7481
"0.729/620.36756",8.8359,7.0933,8.2363,10.66,9.3543
"5.088/234.14461",8.8324,7.4227,4.5774,13.509,9.8205
"4.531/580.03878",8.8286,13.199,9.2794,6.4892,6.3467
"4.424/342.17075",8.7822,10.177,8.2843,8.8299,7.8374
"4.626/260.17566",8.7793,5.0494,3.9518,15.178,10.938
"0.519/621.41529",8.7754,3.1506,3.5908,16.49,11.87
"0.775/256.09805",8.7742,15.114,11.861,3.1855,4.9363
"4.529/524.06958",8.7592,8.9197,6.7999,10.683,8.6344
"1.284/176.09209",8.7562,15.67,10.97,3.5821,4.8031
"4.832/116.07010",8.7492,13.619,9.439,5.9391,5.9993
"5.027/313.13283",8.7484,16.621,10.413,3.5126,4.4464
"5.120/441.01206",8.7454,17.271,11.434,2.3089,3.9678
"4.422/461.11924",8.7397,11.05,7.9419,8.5414,7.4253
"4.725/292.20104",8.7337,6.0772,7.7069,11.399,9.7512
"1.934/212.10305",8.7315,15.757,11.037,3.4196,4.712
"2.391/161.61337",8.7313,17.192,11.135,2.5651,4.0326
"5.666/516.84657",8.7186,8.4211,7.2956,10.442,8.7154
"2.277/340.00783",8.7183,15.249,10.905,3.7716,4.9484
"0.694/451.20684",8.6985,7.6944,7.7239,10.43,8.946
"4.833/70.06374",8.6821,13.678,9.8878,5.3736,5.7893
"3.685/287.97457",8.67,4.299,8.1222,11.859,10.4
"1.099/283.05597",8.6693,12.214,10.809,5.3667,6.2877
"4.691/357.03213",8.6678,12.511,8.0803,7.4665,6.613
"4.530/332.56830",8.6603,9.3924,6.8251,10.169,8.2547
"0.744/248.22445",8.6448,12.681,10.631,5.2036,6.0633
"1.056/500.16939",8.6403,3.9578,5.7936,13.903,10.907
"4.275/156.03296",8.6339,14.797,10.862,3.8467,5.0299
"4.626/202.04810",8.6284,14.743,11.705,3.1636,4.9027
"4.420/322.16054",8.6217,7.0794,7.5116,10.752,9.144
"4.502/383.13961",8.5965,10.475,8.2431,8.2561,7.412
"5.088/541.92150",8.5954,7.31,8.1211,10.059,8.8919
"4.639/335.08975",8.5946,17.515,10.754,2.378,3.7315
"1.053/146.07995",8.5945,12.065,9.945,5.9832,6.3846
"4.618/362.02138",8.567,10.073,6.4315,9.9042,7.8595
"5.049/372.55404",8.5669,13.687,8.0683,6.6002,5.9121
"0.778/215.14020",8.5648,12.661,8.7943,6.5449,6.2583
"4.530/542.08165",8.5645,9.4119,7.8349,9.0899,7.9214
"0.531/468.39971",8.5622,4.7594,3.0785,15.535,10.876
"0.699/554.28962",8.5595,11.375,7.326,8.4432,7.0943
"4.938/608.11105",8.558,3.5151,2.2042,16.92,11.593
"1.101/693.25570",8.5529,14.878,10.239,4.1247,4.97
"0.578/345.15415",8.5522,9.3282,11.347,6.1923,7.3418
"2.897/246.09376",8.5471,9.9049,6.7459,9.6857,7.8518
"0.612/247.01575",8.5337,7.3948,7.8221,10.112,8.8056
"0.760/176.16439",8.5321,17.339,10.492,2.5398,3.758
"1.098/202.10785",8.5229,2.963,4.273,15.417,11.439
"5.160/368.01140",8.5177,4.3812,6.4139,12.865,10.411
"0.562/191.15138",8.5164,8.7782,7.2611,9.7911,8.2352
"4.568/645.15494",8.5162,6.864,5.9588,11.902,9.3405
"2.910/191.14927",8.5137,4.761,8.2423,11.134,9.9178
"3.660/284.10374",8.5003,6.5442,12.029,7.0002,8.428
"0.728/641.30305",8.4994,5.7526,6.6024,11.926,9.717
"0.577/223.12149",8.4854,2.6453,4.4708,15.333,11.492
"4.651/378.07963",8.4853,11.751,8.5469,7.0486,6.5943
"1.345/192.16101",8.4649,9.558,8.9102,7.8792,7.5124
"5.117/365.07986",8.4624,16.813,9.919,3.1301,3.9879
"5.218/680.94914",8.4613,5.3241,4.3366,13.944,10.241
"4.902/308.09553",8.4549,9.8384,6.3769,9.8054,7.7989
"5.085/505.95868",8.4459,8.3008,8.3878,8.9435,8.1515
"0.519/600.48191",8.4453,2.6417,3.607,15.955,11.578
"5.110/626.99372",8.4436,5.6632,4.963,13.199,9.9491
"0.593/363.15228",8.4364,11.787,8.8045,6.6981,6.4565
"4.404/246.18392",8.4328,7.879,6.6072,10.616,8.6289
"5.892/429.14797",8.4326,3.2651,3.6566,15.547,11.261
"4.516/315.99917",8.3886,8.955,7.4149,9.2602,7.9244
"0.718/386.24901",8.3759,5.8573,5.4739,12.508,9.6649
"0.719/387.25075",8.3687,5.0731,5.3229,13.038,10.041
"4.308/184.07490",8.3678,7.4302,6.9403,10.425,8.676
"1.249/648.33038",8.3632,4.0921,5.1859,13.666,10.508
"4.349/400.95827",8.3432,14.924,11.24,2.7643,4.4452
"2.138/843.22663",8.3379,10.886,8.5704,7.1398,6.7556
"0.775/197.02118",8.334,13.263,10.87,3.9431,5.2601
"0.707/255.67843",8.3227,5.7921,4.5699,13.164,9.7646
"4.726/302.21125",8.3203,6.3565,5.9064,11.746,9.2723
"5.115/272.13848",8.3167,11.171,10.146,5.628,6.3215
"4.549/375.28443",8.3155,6.0052,7.3761,10.704,9.1763
"0.807/208.15653",8.3051,5.7741,4.0719,13.545,9.8299
"0.535/445.30213",8.3049,3.2209,2.987,15.819,11.193
"2.381/163.11516",8.2971,17.156,10.707,1.8928,3.4322
"1.123/160.10622",8.2912,15.327,10.68,2.8857,4.2719
"0.705/296.13147",8.2853,10.992,8.4881,7.024,6.637
"5.828/214.07201",8.2761,4.4006,4.9663,13.472,10.265
"1.102/240.98952",8.2686,8.6859,7.2956,9.2146,7.8782
"4.381/186.56561",8.2682,5.8709,4.2574,13.25,9.6949
"4.312/242.15117",8.2679,10.089,11.296,5.1393,6.5475
"0.759/279.19518",8.2641,8.2336,4.7553,11.555,8.5129
"4.657/522.08503",8.2511,16.378,10.656,2.243,3.727
"4.354/400.96951",8.2492,14.757,11.114,2.7318,4.3943
"5.662/563.82431",8.2385,8.1773,6.0257,10.469,8.2816
"2.277/307.04747",8.238,12.09,7.7168,6.9588,6.1867
"4.883/187.00017",8.2379,9.0714,6.123,9.9059,7.8514
"4.639/464.13845",8.2375,16.809,9.8775,2.6241,3.6391
"0.760/232.15749",8.2318,5.4776,4.5469,13.134,9.7692
"4.643/337.08644",8.2194,18.507,10.774,0.92237,2.6737
"2.238/323.22336",8.2082,2.6976,2.7087,16.098,11.328
"2.227/604.20157",8.2025,15.88,10.077,2.8749,3.9785
"0.534/489.34343",8.1978,2.5677,2.8188,16.052,11.353
"4.648/527.08666",8.1764,16.19,10.854,2,3.6614
"1.361/146.11769",8.1629,4.1519,5.6717,12.748,10.08
"4.649/360.06848",8.1544,10.296,8.2413,7.2878,6.7922
"4.933/442.97479",8.1519,3.7381,2.9526,15.2,10.717
"5.053/622.05402",8.1465,14.004,10.008,3.8074,4.7674
"2.195/698.29506",8.1449,7.8706,9.744,7.3245,7.6406
"0.618/206.16594",8.1328,14.125,8.2728,5.148,4.9852
"4.996/262.15320",8.1258,5.1188,9.2655,9.1568,8.9618
"1.347/166.13335",8.1228,8.9545,5.9918,9.8,7.7448
"4.374/177.11499",8.1217,10.752,8.8652,6.4458,6.4234
"1.592/244.20377",8.1113,11.343,8.7549,6.194,6.1529
"0.760/169.13342",8.0995,14.838,10.157,3.1214,4.2823
"0.916/248.15258",8.0913,7.7403,5.5275,10.763,8.3344
"1.388/58.06314",8.0834,6.6873,5.5439,11.297,8.805
"1.052/184.03548",8.0785,12.242,9.7503,4.8053,5.5162
"2.355/202.06693",8.0749,16.941,9.951,2.0999,3.3073
"4.815/209.00941",8.0728,5.2709,5.4773,12.09,9.4533
"5.018/330.05359",8.0698,8.2287,6.7683,9.4189,7.8632
"5.215/642.99060",8.064,8.209,4.9891,10.891,8.1664
"4.810/298.99586",8.0567,11.684,7.788,6.681,6.0736
"2.660/380.09800",8.0567,4.7352,6.2085,11.733,9.5504
"1.238/407.24781",8.0552,3.6338,5.4396,12.96,10.187
"5.057/681.27952",8.0478,7.6328,8.9519,7.8756,7.7312
"4.643/590.16797",8.0444,15.523,10.758,2.1203,3.7757
"0.569/534.01558",8.0434,4.6249,6.031,11.907,9.6103
"1.331/208.15465",8.0342,5.4264,5.1983,12.144,9.3678
"5.985/184.07492",8.0317,11.046,6.4755,8.053,6.5522
"2.882/255.13699",8.0259,11.01,9.3839,5.646,6.0639
"4.277/140.01662",8.0243,11.206,7.5875,7.0263,6.2768
"1.490/166.13301",8.0225,9.8854,6.1612,8.9165,7.1269
"5.175/583.21155",8.0181,15.666,9.9844,2.6223,3.8002
"0.594/204.15079",8.0067,8.2088,4.8437,10.874,8.1003
"4.760/430.15003",7.9957,7.3377,6.6307,9.8342,8.1802
"4.802/322.07376",7.9918,7.8916,5.4084,10.54,8.1267
"3.658/135.04639",7.9902,8.3961,4.966,10.632,7.9668
"2.381/162.11247",7.9773,16.531,10.887,1.3093,3.1822
"1.345/174.14926",7.9694,9.9163,8.7975,6.5848,6.5787
"4.770/324.96222",7.962,10.161,9.6885,5.6962,6.3022
"4.940/304.16768",7.9602,8.3226,5.0254,10.55,7.9428
"4.792/256.10800",7.9539,13.12,7.6672,5.7604,5.2683
"4.833/133.09651",7.9515,13.098,9.2284,4.4711,5.0082
"4.590/543.14361",7.9339,4.1377,6.426,11.578,9.594
"2.133/207.06951",7.9309,7.1993,7.6065,8.9431,7.9748
"4.370/180.08602",7.9292,3.2234,5.396,12.913,10.184
"3.665/308.08063",7.9102,4.0069,2.6468,14.726,10.261
"0.719/414.28038",7.9069,5.1259,5.0833,12.095,9.3238
"0.560/461.29906",7.9026,3.8889,3.5069,14.058,10.157
"2.282/418.08408",7.9017,12.895,7.548,5.8543,5.3093
"4.834/301.08419",7.8979,5.3696,6.6388,10.651,8.9319
"5.114/288.26798",7.8887,9.393,9.8047,5.8367,6.5204
"4.411/130.11979",7.8737,10.575,6.2257,8.1329,6.5611
"4.758/174.15963",7.8637,15.867,10.409,1.7892,3.3896
"1.579/249.99026",7.8528,9.0578,7.3637,7.9555,7.0343
"1.340/230.11686",7.8524,7.0312,7.0494,9.3063,8.0225
"4.593/306.08031",7.8391,7.4229,6.8231,9.2513,7.8593
"0.807/174.14864",7.8276,10.437,7.418,7.1068,6.3482
"5.058/303.18362",7.8238,10.728,9.4259,5.2759,5.8659
"4.504/463.10962",7.8219,11.837,7.6876,6.1156,5.647
"4.593/519.53949",7.8137,2.6429,4.1964,13.943,10.473
"4.768/287.00413",7.8091,14.179,10.237,2.7093,4.1112
"2.249/629.27566",7.806,3.1402,2.2767,15.249,10.558
"4.937/684.02192",7.8026,2.3973,2.2091,15.696,10.907
"0.668/544.36491",7.7942,8.743,6.1182,9.0169,7.2988
"5.077/498.01584",7.792,12.875,10.082,3.4988,4.7124
"2.213/248.15244",7.7807,9.9097,9.8059,5.2971,6.1101
"0.760/272.11209",7.7782,5.8947,5.3704,11.132,8.7156
"4.599/324.09602",7.7692,12.146,10.284,3.6687,4.9781
"4.422/296.11912",7.764,4.983,5.9407,11.116,9.0166
"2.233/161.61273",7.7593,6.3107,5.7832,10.52,8.4231
"1.126/453.26051",7.7572,4.3188,8.5117,9.3242,8.8739
"4.660/415.13286",7.7563,12.084,8.717,4.9706,5.2533
"1.110/576.25103",7.7502,11.181,7.7275,6.2629,5.829
"5.208/491.19873",7.7362,13.795,8.575,4.1193,4.4562
"4.420/443.16322",7.7293,3.097,4.1028,13.572,10.145
"3.655/205.11899",7.7287,5.8298,8.913,8.1093,8.0629
"0.642/223.13503",7.7251,7.5157,7.336,8.5009,7.5478
"4.796/470.28631",7.7021,9.0455,6.2565,8.5172,6.9892
"4.788/277.15391",7.6918,13.032,9.6064,3.567,4.5616
"4.942/421.24997",7.6886,4.7916,7.1678,10.019,8.7759
"4.793/398.07362",7.68,9.3076,6.4306,8.1783,6.8034
"4.274/138.02180",7.6789,12.335,10.435,3.2239,4.7215
"1.506/244.20451",7.6682,10.569,8.5681,5.6974,5.8379
"4.943/721.98039",7.6658,4.1711,2.8478,13.882,9.7626
"4.887/219.00619",7.6503,3.0843,4.5815,12.991,9.9439
"13.293/494.82528",7.6432,12.088,8.8147,4.6147,5.055
"0.808/192.16069",7.6366,9.7539,7.2028,7.1929,6.3969
"0.679/298.14504",7.636,6.1625,7.1717,9.151,8.0589
"5.207/442.97603",7.6302,8.0668,4.5347,10.299,7.6202
"1.054/192.16082",7.6231,11.784,7.0451,6.1981,5.4653
"4.444/184.10329",7.6098,5.5663,9.1483,7.769,7.9554
"5.380/444.04211",7.6087,8.2897,5.5169,9.3125,7.3157
"0.598/453.18038",7.5866,8.3531,4.7003,9.9024,7.3906
"6.145/184.07412",7.5865,7.0902,4.723,10.563,7.9694
"0.760/270.11465",7.5861,9.3987,7.1483,7.3076,6.4899
"0.760/231.43921",7.5752,8.9258,5.7872,8.6648,6.9227
"0.544/298.17136",7.5715,10.902,8.9317,4.9834,5.4686
"2.118/65.01964",7.5589,13.269,7.656,4.7372,4.5738
"4.690/188.17623",7.5474,13.638,9.5757,2.9183,4.058
"0.703/510.35860",7.5441,4.0821,3.2064,13.339,9.5492
"4.363/130.08486",7.5173,10.524,6.3609,7.1891,5.9955
"4.817/502.12398",7.514,2.5982,4.8107,12.734,9.9126
"4.704/261.15944",7.5105,12.432,8.5215,4.3531,4.7356
"4.845/314.12665",7.5024,9.6164,7.2769,6.8819,6.2345
"0.585/307.19397",7.4923,5.7988,7.9754,8.3337,7.8614
"1.473/204.12473",7.4851,4.5495,2.7494,13.324,9.3174
"4.554/161.12776",7.4796,2.5414,2.0449,14.976,10.356
"2.915/152.07027",7.4514,10.034,8.7232,5.3343,5.714
"2.240/163.11503",7.4471,4.2307,3.3053,12.943,9.3096
"2.145/709.18075",7.4444,8.4186,6.367,8.1417,6.8502
"5.793/148.05977",7.4267,6.4366,4.4194,10.782,8.0689
"5.059/363.12235",7.4241,13.385,8.1293,3.9567,4.2251
"1.099/285.05284",7.4209,9.5886,8.1366,5.9872,5.9712
"3.660/117.72333",7.4201,8.1412,5.7552,8.7401,7.044
"0.544/336.12932",7.417,8.607,7.6144,6.9396,6.5071
"6.202/310.80916",7.4149,11.996,7.416,5.2739,4.9731
"1.082/197.02140",7.4101,5.8524,7.643,8.3823,7.7627
"0.660/395.87765",7.3967,8.7316,7.0471,7.2941,6.5141
"4.313/124.99820",7.3743,5.7658,6.83,9.0172,7.8845
"5.595/350.89101",7.3611,11.139,7.2596,5.7358,5.3102
"0.527/473.34026",7.3579,7.6959,5.9174,8.6951,7.1229
"0.744/597.27213",7.3538,4.8782,6.4126,9.7918,8.3327
"1.285/140.06863",7.333,8.8547,7.0685,7.0563,6.3522
"4.410/174.60446",7.3245,14.017,8.8402,2.787,3.6542
"5.054/744.10628",7.315,12.12,9.1909,3.4946,4.455
"4.843/393.25227",7.3113,7.8878,10.047,5.054,6.2564
"4.602/459.07737",7.3111,4.3296,4.9994,11.156,8.7589
"4.758/368.12880",7.3091,5.5565,8.3282,7.7296,7.6219
"4.846/496.16580",7.307,11.222,9.1067,4.0284,4.8709
"0.644/167.06961",7.3066,6.6696,6.8894,8.3179,7.3495
"4.901/346.05235",7.3035,8.3326,5.3561,8.6869,6.8384
"1.094/323.01038",7.3021,7.2713,8.3861,6.7415,6.8095
"5.054/379.09569",7.2959,11.834,9.4054,3.4245,4.52
"4.643/583.17477",7.2876,11.413,8.8836,4.064,4.7901
"0.569/147.11604",7.2852,5.8971,6.3026,9.1691,7.7722
"1.082/208.15609",7.2646,6.2135,3.5395,11.241,8.0645
"1.160/208.15560",7.2605,2.5082,2.9457,13.719,9.8694
"2.118/173.00212",7.247,8.5213,6.8159,7.2382,6.4127
"0.585/165.13672",7.2277,6.198,5.6368,9.4206,7.6553
"2.241/173.00294",7.2256,7.2799,6.4516,8.1572,7.0138
"1.127/410.87775",7.209,10.269,7.4021,5.719,5.4455
"4.832/115.08535",7.1956,10.781,8.1215,4.8143,5.0652
"0.610/208.18127",7.1937,9.8455,6.3044,6.821,5.804
"4.540/410.06046",7.1874,1.6406,1.3478,15.335,10.426
"1.253/445.20542",7.1866,4.0199,3.5572,12.219,8.9499
"5.215/605.03340",7.1806,7.742,5.4445,8.6353,6.9007
"3.660/118.08540",7.17,5.069,4.3404,10.965,8.3057
"1.110/217.46573",7.1526,7.6651,9.4831,5.259,6.2031
"4.423/266.10936",7.1511,11.333,7.5937,4.8479,4.83
"0.678/263.19931",7.1451,11.84,7.2007,4.8865,4.6535
"4.586/597.07541",7.1348,13.591,8.9067,2.5036,3.5379
"5.209/405.01920",7.134,8.1181,5.1077,8.5998,6.7104
"5.923/184.07540",7.1127,6.4892,3.9218,10.409,7.6306
"0.594/377.22139",7.1009,7.4162,5.6222,8.4712,6.8941
"4.693/394.98918",7.0962,5.3791,4.9302,10.131,7.9448
"4.530/232.08424",7.0952,8.5025,6.5706,7.0857,6.2219
"4.646/529.08699",7.0893,12.297,7.9539,3.881,4.2254
"2.235/202.06811",7.0842,8.6559,6.9428,6.6679,6.0702
"4.957/491.10688",7.0835,8.8188,8.3913,5.377,5.747
"4.435/248.93628",7.0792,13.354,8.8578,2.5376,3.5672
"5.662/475.37888",7.0726,6.5607,5.1801,9.2302,7.3193
"1.111/588.29153",7.0697,3.2037,6.0402,10.317,8.7176
"1.096/424.06923",7.0596,13.471,8.8848,2.4049,3.4774
"4.365/188.57747",7.0589,10.636,6.9471,5.5371,5.1153
"4.568/284.05615",7.0537,6.3736,4.5274,9.8269,7.487
"0.744/418.29045",7.0376,1.7359,0.91778,15.279,10.217
"5.210/612.97951",7.0278,5.9262,4.1239,10.34,7.7211
"0.619/197.11833",7.0245,7.4786,9.9641,4.6517,6.0037
"2.744/120.08932",7.0237,11.048,6.7614,5.3847,4.9011
"1.058/230.11742",6.996,9.1376,6.1641,6.8417,5.8404
"5.371/426.99037",6.973,5.634,9.5005,5.9053,6.8523
"1.472/260.11038",6.9452,8.5732,9.4586,4.2904,5.4586
"4.412/208.09298",6.9373,11.196,8.1487,3.9455,4.4585
"4.645/165.08775",6.9355,4.8518,6.5356,8.6953,7.6591
"1.052/221.99461",6.9166,8.1636,6.6414,6.7789,6.0825
"5.657/577.86073",6.8927,8.0663,6.153,7.1789,6.1728
"0.719/445.13442",6.8826,4.1591,4.9383,10.266,8.1672
"4.399/273.34136",6.8816,6.9164,3.8854,9.6522,7.0724
"4.338/372.12803",6.8724,8.3662,8.8305,4.7473,5.5455
"1.094/321.01348",6.8479,7.3725,7.7881,6.0879,6.1429
"0.759/553.24323",6.8411,4.7464,7.3623,7.8387,7.4169
"2.246/184.09384",6.8377,4.013,4.5601,10.55,8.2278
"1.109/218.14151",6.8373,7.0912,9.4067,4.8713,5.9801
"4.753/234.14693",6.8138,4.0526,2.8163,11.918,8.4688
"4.902/237.01781",6.8126,3.2585,3.8894,11.452,8.6504
"0.560/179.15347",6.8064,2.8087,5.7717,10.118,8.5274
"4.727/423.09473",6.8054,5.9417,6.6364,7.7113,6.9322
"0.577/291.20012",6.79,6.708,5.9772,7.8084,6.6665
"0.693/100.07365",6.772,2.1785,1.8677,13.613,9.4291
"4.816/193.03484",6.7549,5.6537,5.0983,9.0206,7.2472
"4.688/387.11185",6.7501,11.502,7.1403,4.1659,4.1918
"5.665/556.86780",6.744,6.9944,5.4812,7.9546,6.5456
"1.389/103.78715",6.7401,2.7156,3.7768,11.663,8.8051
"0.652/138.12692",6.7271,3.4452,5.656,9.6799,8.1272
"6.264/307.91141",6.7245,5.7075,5.4818,8.6002,7.1087
"0.759/532.31225",6.7208,3.2803,5.6186,9.7846,8.1997
"5.117/367.07876",6.7111,13.805,9.1452,1.1687,2.725
"3.677/145.09722",6.6917,5.0008,7.8275,6.9559,6.9829
"0.569/207.14037",6.6742,5.0166,6.2916,8.1791,7.2096
"1.102/267.08110",6.6484,10.012,7.6572,4.2945,4.6301
"1.577/240.41108",6.6297,3.5029,4.1625,10.653,8.2004
"4.418/234.11038",6.6278,7.1864,6.6851,6.5724,6.0672
"4.935/426.99855",6.6141,2.3135,2.2394,12.851,9.0526
"5.655/579.85755",6.6059,8.3148,6.1217,6.3794,5.6076
"4.801/284.11540",6.5981,11.405,6.5644,4.3295,4.0933
"4.834/352.08596",6.595,3.5228,4.4344,10.333,8.0897
"4.780/282.10456",6.5878,4.044,4.3848,10.076,7.8463
"4.421/388.06853",6.5655,10.264,7.4589,4.1234,4.4158
"4.691/397.91156",6.5492,10.978,6.993,4.0862,4.1398
"4.798/363.24092",6.5463,3.4439,7.1405,8.0133,7.5874
"0.745/149.10571",6.5442,7.8688,5.7198,6.8042,5.7839
"0.585/641.38274",6.542,8.1192,7.437,5.2397,5.3721
"2.927/92.04692",6.5326,12.16,7.7619,2.7717,3.4365
"4.848/402.03120",6.5282,10.627,8.6889,2.8176,3.9792
"4.286/285.58500",6.5279,3.6558,4.9281,9.69,7.8375
"5.059/302.24080",6.5193,7.9289,7.3114,5.3915,5.4453
"0.703/237.05463",6.5171,8.0421,7.1685,5.4438,5.4139
"4.636/504.09602",6.5155,9.3183,7.4926,4.4841,4.7671
"5.981/582.67348",6.5109,10.254,7.7774,3.7329,4.2793
"5.661/504.90264",6.5086,7.496,5.1273,7.4107,6.0005
"4.415/360.11797",6.5085,7.2393,9.018,4.3213,5.4555
"4.496/467.10417",6.4988,8.6007,5.3381,6.6172,5.439
"4.453/332.56758",6.4801,6.0943,4.1985,8.8672,6.7606
"1.572/241.15825",6.467,5.3594,5.2718,8.3408,6.8958
"5.661/463.87273",6.4665,7.8833,6.0887,6.303,5.5909
"2.597/390.21018",6.4632,3.6728,7.0209,7.789,7.3702
"0.660/402.95734",6.4621,5.2952,6.0303,7.7344,6.7884
"1.321/758.25081",6.458,4.9148,5.2616,8.5671,7.0886
"0.527/496.43315",6.4546,2.9605,1.6791,12.583,8.5959
"4.577/516.10228",6.4545,2.1681,3.7187,11.317,8.6138
"0.660/404.21775",6.4435,4.4422,5.8881,8.2669,7.1769
"5.670/449.86034",6.4398,7.3951,4.9633,7.435,5.9656
"1.157/192.16059",6.434,10.289,6.8293,4.3149,4.3024
"1.279/529.16819",6.4175,4.2763,3.6573,10.144,7.5925
"4.944/342.12265",6.4096,4.109,4.534,9.4878,7.5077
"1.169/428.34641",6.3979,9.896,8.9199,2.7054,4.0702
"1.279/455.13285",6.3941,6.3227,7.3732,5.9033,5.9772
"0.759/533.31626",6.3499,6.2786,7.7042,5.5459,5.8709
"2.232/200.06965",6.3365,2.6515,2.2314,12.006,8.4568
"4.660/307.08985",6.3284,4.2326,4.4184,9.3213,7.3412
"0.574/352.12375",6.3234,9.8258,7.7896,3.5013,4.177
"4.690/399.15438",6.3225,10.696,7.2447,3.4824,3.8667
"2.423/494.82402",6.3196,11.858,6.9023,3.1338,3.3841
"5.667/488.88872",6.2892,6.3016,4.7301,7.8542,6.2708
"1.319/428.34921",6.2879,9.2172,7.7912,3.7419,4.4011
"5.487/514.88660",6.281,12.249,8.1017,1.8351,2.9377
"4.849/364.07443",6.2734,8.4121,7.7981,4.1349,4.7486
"1.488/194.16492",6.2733,5.8217,3.9074,8.7568,6.6074
"4.439/140.11670",6.2682,4.5185,5.8075,7.87,6.8768
"0.660/284.19080",6.2665,6.2502,6.4784,6.377,5.9605
"4.660/613.17973",6.2587,3.911,4.7242,9.0728,7.3268
"4.849/399.15518",6.254,12.968,7.7365,1.686,2.6253
"5.477/470.92302",6.2447,9.1247,7.2702,4.1198,4.4641
"5.859/184.07454",6.2296,3.0449,1.8391,11.862,8.1722
"4.660/635.16244",6.2188,5.3181,6.2388,6.9625,6.3557
"1.080/256.09701",6.2064,2.6294,5.2554,9.1962,7.7448
"1.099/298.10225",6.1851,12.277,7.7162,1.9091,2.8385
"0.777/242.08185",6.18,3.7814,4.6653,9.0017,7.2716
"2.226/296.15723",6.1464,4.2816,5.133,8.2633,6.9076
"2.210/564.25175",6.1449,6.8807,8.5216,4.0495,5.1279
"0.569/189.12884",6.1426,3.865,5.3705,8.2814,7.0533
"1.052/174.14902",6.1412,10.76,6.3481,3.7545,3.7018
"0.702/641.38545",6.1406,9.2596,5.6584,5.1333,4.5112
"4.439/183.54012",6.1338,5.7846,7.2129,5.6984,5.8392
"3.674/165.05453",6.1156,4.4802,8.0594,5.6546,6.2681
"0.890/232.15650",6.1112,2.2725,1.7672,12.052,8.3529
"5.652/247.95889",6.1107,7.0914,4.2115,7.4287,5.711
"5.673/660.79661",6.1071,5.8293,3.8224,8.4224,6.3542
"2.849/201.98917",6.1059,5.2823,6.6439,6.3737,6.1239
"0.660/359.15882",6.1046,3.0996,5.7009,8.3279,7.2899
"2.629/257.15093",6.1001,9.791,7.1217,3.5357,3.9521
"4.652/245.06419",6.0855,5.9985,6.4529,6.0973,5.7934
"2.571/474.16942",6.045,4.0053,4.5685,8.6359,6.9703
"0.742/393.16899",6.0448,4.0378,5.6763,7.6989,6.766
"5.209/422.04616",6.0398,5.5615,4.2899,8.0167,6.2913
"2.138/414.01807",6.0382,10.592,6.2761,3.6562,3.6279
"5.673/662.79410",6.0355,4.6483,3.8422,8.8691,6.7821
"1.232/408.25128",6.0352,2.2206,4.4291,9.6887,7.8021
"0.552/409.20045",5.9956,7.8887,5.1529,5.9412,4.9997
"5.666/558.86711",5.9956,5.8766,4.596,7.4866,6.0234
"2.219/736.25409",5.9802,3.0873,5.6781,8.0535,7.1018
"4.810/379.06380",5.9784,3.6298,5.3612,8.0201,6.9027
"4.692/427.10463",5.9747,4.0296,3.8629,9.0386,6.9676
"5.218/584.10393",5.9407,7.9016,4.8799,6.0283,4.9531
"0.582/407.17982",5.938,10.534,6.4012,3.3427,3.4746
"4.492/264.02320",5.9262,11.126,7.3014,2.2484,3.0289
"4.445/553.13732",5.9256,8.5554,5.7785,4.8944,4.474
"0.857/260.10938",5.922,6.1745,6.4773,5.5881,5.4482
"0.644/222.94957",5.9116,4.0325,6.3369,6.8327,6.4442
"5.645/532.87338",5.9074,8.6516,6.329,4.3421,4.3069
"3.676/182.08134",5.8667,4.6686,7.9496,5.0443,5.8044
"1.472/250.06239",5.8665,7.5154,8.3278,3.1972,4.4256
"5.091/503.96277",5.8641,6.2686,5.1683,6.4838,5.536
"4.406/349.08043",5.8606,7.549,6.7221,4.4969,4.6745
"4.844/276.17042",5.8561,4.4359,4.6426,7.8872,6.4587
"4.337/338.16543",5.8537,9.8495,6.8902,3.1022,3.5731
"5.058/453.03018",5.8485,7.0155,7.4146,4.1805,4.7835
"4.834/68.04637",5.8368,10.402,8.0845,1.7731,3.0874
"2.239/162.11240",5.8197,1.2584,1.2582,12.318,8.4445
"1.270/242.08144",5.8177,6.0231,3.4015,7.9695,5.8767
"5.656/562.83249",5.8114,4.8505,3.7714,8.2789,6.3449
"2.232/176.12853",5.8067,2.6628,4.9753,8.4466,7.1418
"4.374/60.07806",5.8026,9.1739,7.0589,3.2028,3.7749
"1.285/532.40128",5.7996,9.3516,7.243,2.947,3.6566
"5.673/518.84453",5.798,6.5797,3.8202,7.275,5.5171
"4.682/278.57772",5.7573,7.8966,5.1149,5.3939,4.6239
"4.494/218.07741",5.7438,6.476,6.857,4.6811,4.9611
"4.860/424.01563",5.7349,3.935,3.8102,8.5551,6.6392
"5.671/327.92016",5.7334,7.6894,4.4353,6.0115,4.7974
"4.332/326.18492",5.7328,6.6439,7.8985,3.7,4.6885
"4.950/507.09528",5.7293,4.1006,5.2837,7.2301,6.3026
"4.402/274.19245",5.7004,2.0696,1.5406,11.359,7.8323
"5.635/418.88807",5.6977,7.9749,4.9074,5.3803,4.5285
"2.128/151.05779",5.6931,5.5801,4.977,6.6007,5.6146
"4.769/249.04847",5.6901,7.077,6.4676,4.5511,4.6648
"5.060/286.15493",5.6715,3.8698,5.4758,7.0558,6.2846
"5.676/501.82427",5.669,5.9575,3.5254,7.5434,5.6495
"6.261/177.94868",5.657,5.087,4.7443,6.9722,5.8245
"4.281/193.98874",5.6443,7.3571,7.2445,3.6454,4.3303
"1.335/465.27677",5.6441,6.9682,5.7236,5.1159,4.7688
"5.665/397.89725",5.6312,6.601,4.2799,6.48,5.1638
"1.660/120.10068",5.6255,5.8952,5.1132,6.1552,5.3386
"2.460/158.03926",5.6162,8.2555,6.9115,3.37,3.9277
"5.670/329.91740",5.5854,5.8072,3.6345,7.3323,5.5675
"0.569/338.14365",5.5798,5.3825,4.3381,6.9638,5.6346
"4.630/642.21072",5.572,1.1662,0.90457,12.064,8.1538
"5.661/506.90177",5.5698,5.5053,4.0818,7.0862,5.6058
"2.224/468.16311",5.5654,4.1007,4.8215,7.2185,6.1211
"0.569/230.15631",5.5643,3.8701,5.9588,6.3966,6.0319
"4.692/402.15337",5.5642,10.937,7.4586,1.347,2.5141
"4.757/555.18017",5.5621,7.015,7.5552,3.3735,4.3045
"5.668/490.88744",5.5503,5.7467,4.473,6.5847,5.3966
"4.689/250.09676",5.547,7.6156,6.4425,3.9369,4.1931
"4.650/489.12967",5.5401,5.0085,5.3776,6.2073,5.567
"4.545/266.10894",5.5191,4.344,4.2328,7.4641,6.0355
"3.666/162.11104",5.5074,2.8007,3.1625,9.1546,6.9117
"0.710/494.82459",5.5049,9.0139,5.7441,3.6618,3.5999
"4.331/304.20400",5.5018,6.5107,7.3408,3.6776,4.4781
"4.452/524.07144",5.484,8.4242,5.4277,4.1912,3.8927
"5.662/234.92676",5.4812,6.7163,3.7795,6.4712,4.9575
"5.585/291.01727",5.479,4.7434,5.1753,6.3704,5.6267
"0.920/431.03862",5.476,1.8491,2.8521,9.8489,7.354
"1.169/576.42877",5.4624,7.3943,6.5571,3.7569,4.1412
"4.568/340.02533",5.4557,1.4202,0.91653,11.636,7.8496
"2.688/235.16854",5.4523,4.9222,5.1651,6.2184,5.5036
"1.327/553.32962",5.4522,9.8989,7.1081,1.9267,2.8751
"5.659/465.87706",5.4487,6.8256,4.5892,5.6625,4.7175
"4.736/67.05180",5.4402,4.2499,3.2769,8.1174,6.1165
"5.673/542.85188",5.4385,4.9414,3.61,7.4648,5.7379
"5.593/333.95337",5.4285,3.2856,4.6626,7.4591,6.3069
"2.235/149.06228",5.4043,2.7485,4.9408,7.4589,6.4688
"5.670/447.86206",5.3996,4.9162,3.1735,7.7465,5.7621
"2.385/576.42714",5.3909,8.2155,5.9503,3.6457,3.752
"2.257/73.02557",5.3908,6.5387,4.5756,5.6886,4.7601
"4.677/360.26421",5.378,3.7043,5.1095,6.7412,5.9572
"5.089/428.04742",5.3764,9.2068,7.4505,1.8327,3.0157
"5.673/540.85417",5.3733,4.5846,3.156,7.8763,5.8764
"1.131/194.94640",5.3614,5.3259,5.5784,5.439,5.1023
"5.671/322.94000",5.3598,5.453,3.3094,7.2489,5.4279
"0.677/151.12273",5.3391,4.0997,5.7781,5.8798,5.5989
"1.152/174.12435",5.3264,6.4507,5.2495,5.0219,4.5837
"4.760/370.08150",5.3225,9.7546,5.9636,2.6412,2.9308
"5.659/345.93143",5.3163,6.06,3.993,6.2501,4.9621
"1.101/671.29339",5.3133,7.8026,6.6474,3.1028,3.7005
"5.088/450.03150",5.3125,11.11,6.566,1.3877,2.1866
"1.282/158.07962",5.3111,8.8548,6.12,2.9685,3.3013
"4.847/477.94339",5.304,7.4918,5.6802,4.0498,3.994
"1.133/297.18154",5.3007,4.5099,5.0051,6.2076,5.4803
"0.660/397.11543",5.2959,5.1977,5.8117,5.1565,5.0176
"4.831/115.71325",5.2922,7.3236,6.7514,3.2234,3.8703
"5.584/360.99409",5.2913,4.9184,5.0591,5.9201,5.2676
"5.943/428.04682",5.2912,3.4965,6.1443,5.7852,5.7386
"0.735/480.98509",5.2752,3.8074,6.885,4.9649,5.4435
"5.373/405.02064",5.2629,8.3509,7.4284,2.0382,3.2342
"4.485/322.90007",5.2514,10.742,7.0764,1.0151,2.1724
"4.701/385.13750",5.2485,8.7286,7.3622,1.8551,3.0483
"1.128/415.30075",5.2372,3.41,6.485,5.4191,5.6348
"4.507/465.10276",5.2329,7.4765,4.7533,4.6557,4.0462
"4.885/467.10368",5.2326,5.3902,3.6212,6.7175,5.2017
"1.085/465.27060",5.2238,7.2039,4.7994,4.7422,4.1496
"5.485/517.88553",5.2115,10.607,7.012,1.0451,2.1824
"5.089/466.00365",5.2054,6.8238,4.6844,4.998,4.3155
"4.543/564.06381",5.2018,4.7956,5.0398,5.7866,5.1854
"4.664/409.09154",5.1979,8.1889,5.3785,3.669,3.5551
"5.194/330.05478",5.1961,2.1789,2.5075,9.2822,6.8157
"5.960/446.74232",5.1901,7.7152,6.4582,3.0097,3.5773
"1.101/655.29848",5.1866,4.8071,5.7896,5.1216,5.028
"2.228/602.20985",5.1733,6.8075,5.4784,4.2706,4.1366
"4.751/202.15596",5.1635,1.6201,2.7057,9.3401,6.988
"4.363/189.16086",5.1578,4.5621,2.6318,7.8035,5.6336
"5.543/184.96132",5.1505,10.298,6.2349,1.709,2.3606
"4.977/207.00589",5.1505,6.525,4.4543,5.2173,4.4053
"6.236/272.84878",5.1497,7.3481,5.5534,3.8605,3.8368
"5.663/608.82992",5.1382,4.6425,3.9441,6.6246,5.3418
"4.685/379.01438",5.1375,2.1541,2.6863,9.006,6.7036
"4.661/538.14111",5.1043,4.3846,4.324,6.3665,5.3422
"0.776/204.12510",5.0987,2.9066,4.2314,7.2256,6.0312
"0.560/321.11731",5.0771,7.0615,5.9137,3.5409,3.7923
"4.899/463.96896",5.075,2.7286,2.4919,8.7071,6.3722
"5.049/604.03997",5.0676,7.9198,6.23,2.7934,3.3271
"4.410/252.08500",5.0645,9.4042,6.3687,1.8718,2.6135
"5.714/578.81231",5.0573,5.9023,4.6956,5.1277,4.5035
"4.383/82.06227",5.0541,2.0072,1.0822,10.215,6.9124
"4.733/450.18804",5.0459,9.9432,6.3423,1.5585,2.3395
"0.660/376.18440",5.0198,1.7142,3.2478,8.4933,6.6239
"5.674/499.82665",5.0117,3.8998,2.9684,7.5288,5.6499
"5.665/438.92309",5.0094,4.7394,3.3279,6.7729,5.1974
"1.591/404.08418",5.0092,8.824,6.6776,1.7945,2.7407
"2.127/149.06236",4.9914,2.4433,2.9199,8.3042,6.2981
"5.662/275.95587",4.9856,6.0185,3.3771,5.986,4.5608
"2.248/418.07847",4.9771,2.2191,2.7994,8.4903,6.3994
"2.474/58.06287",4.9764,5.0021,4.8777,5.2664,4.7595
"2.131/87.04051",4.9734,7.1386,4.5808,4.3549,3.8191
"1.052/86.05758",4.9626,6.1219,6.9715,2.8932,3.8637
"1.107/159.06447",4.9605,3.9979,7.2101,3.8338,4.8
"5.583/358.99448",4.9578,3.5236,4.4246,6.3935,5.4897
"0.660/253.10956",4.9574,2.9983,4.9389,6.2486,5.6437
"4.443/214.06536",4.9568,10.824,6.3298,0.87996,1.7937
"0.569/145.10027",4.9504,2.44,3.8764,7.4138,6.0715
"5.535/66.01626",4.9401,7.2117,5.1517,3.7617,3.6351
"4.661/269.57018",4.9379,2.9707,3.3524,7.5326,5.896
"4.598/259.57222",4.9325,6.2362,6.6986,2.9856,3.8097
"1.294/576.42151",4.9278,4.0791,4.5211,5.942,5.1691
"4.343/745.77390",4.9157,3.8955,3.5975,6.7777,5.392
"5.958/310.81476",4.9128,7.5105,6.0698,2.7735,3.2973
"2.606/158.03933",4.9087,8.0822,5.9917,2.5207,3.0404
"5.654/678.80975",4.8892,4.2718,3.3688,6.701,5.2152
"5.656/302.90465",4.8774,5.0499,3.8058,5.8911,4.7629
"0.776/145.04843",4.8755,1.6198,2.6051,8.7295,6.5478
"4.658/275.57127",4.8692,2.4455,2.4503,8.3981,6.1831
"5.674/161.97094",4.8582,7.4216,4.2271,4.2183,3.5658
"4.602/432.11423",4.8571,6.4336,5.0542,4.0615,3.8791
"4.824/324.06479",4.8568,10.24,6.4452,0.85742,1.8845
"13.801/453.79611",4.8544,7.8391,5.6925,2.7686,3.1172
"1.281/183.00524",4.8455,2.2426,1.6829,9.0868,6.3699
"2.630/275.12378",4.8317,7.2093,4.4657,4.0708,3.5811
"2.234/470.15876",4.8304,6.3628,4.4297,4.5533,3.9758
"4.696/465.06144",4.8152,3.3796,2.1474,8.016,5.7177
"2.327/205.96126",4.8087,7.9883,5.2056,2.982,3.0587
"0.544/597.35758",4.8008,6.2595,3.6714,5.1666,4.1058
"2.681/132.09998",4.7903,6.0195,6.4396,2.9741,3.7278
"2.708/234.43918",4.7883,7.2985,5.4061,3.1379,3.3105
"2.260/151.05895",4.7876,3.2935,2.6732,7.5599,5.624
"0.806/207.50976",4.7832,2.3318,2.9921,7.8023,6.0064
"2.146/443.08925",4.7763,9.0326,5.7363,1.9015,2.4348
"6.235/394.76314",4.7723,5.0968,4.3925,5.1258,4.4742
"2.671/236.17095",4.7485,4.273,5.2576,4.7944,4.6692
"5.580/472.98002",4.7449,4.3732,4.5716,5.3006,4.734
"1.333/441.27397",4.7252,4.5657,4.9009,4.8764,4.5578
"4.495/505.05913",4.7213,7.6647,6.337,2.0071,2.8764
"5.665/395.89756",4.7145,4.9048,3.2586,6.0303,4.6642
"5.674/420.91226",4.7132,5.052,3.2061,5.9915,4.6032
"4.570/177.12365",4.6954,2.2545,2.686,7.8862,5.9548
"6.252/220.87816",4.6766,1.7267,3.5773,7.3858,6.0166
"5.658/304.90294",4.6703,5.8722,4.6357,4.2606,3.9128
"0.552/328.21892",4.6636,5.9244,4.9422,3.9622,3.8258
"1.245/204.12438",4.6581,2.0403,2.0377,8.4495,6.105
"2.852/120.08902",4.6573,2.8258,2.2501,7.8485,5.705
"1.131/259.22419",4.6542,2.461,4.1585,6.4543,5.543
"4.848/439.98952",4.6497,6.1977,4.5164,4.1345,3.75
"4.824/132.68791",4.6451,3.7301,6.0157,4.2085,4.6262
"2.752/275.12321",4.6392,3.5824,3.7947,6.116,5.0635
"1.337/448.37351",4.6246,4.0548,4.4145,5.3125,4.7168
"5.581/474.97987",4.5998,5.0097,4.8443,4.3821,4.1633
"4.742/413.22708",4.5991,3.3592,4.2682,5.7468,5.0221
"4.397/312.14792",4.5973,2.8292,2.4947,7.4989,5.5662
"7.015/701.43222",4.591,5.2101,4.8643,4.2363,4.0534
"4.481/267.02371",4.5897,2.768,2.6458,7.3882,5.5567
"5.662/277.95449",4.5812,6.064,3.6901,4.7269,3.8439
"1.265/513.19603",4.5796,4.0768,3.538,5.9191,4.7844
"4.911/289.16596",4.5736,2.1744,4.8693,5.8247,5.4261
"0.731/664.48378",4.5638,2.5605,2.1649,7.8365,5.6933
"4.371/84.07867",4.5574,6.2467,3.6792,4.5802,3.7236
"4.985/336.95522",4.557,2.6415,3.7205,6.4862,5.38
"1.594/282.16104",4.5561,4.5776,4.3821,4.8927,4.3721
"4.728/258.15903",4.5548,2.4283,2.291,7.7813,5.7185
"5.424/110.00713",4.5481,6.1889,4.4161,3.9776,3.6098
"5.385/236.90763",4.5377,4.1424,5.4447,4.2011,4.3625
"4.722/185.12784",4.5363,3.9723,5.5902,4.1687,4.414
"0.871/250.06196",4.5203,2.5266,4.7781,5.5821,5.1943
"4.421/278.02873",4.5202,2.8968,4.6204,5.5135,5.0502
"5.865/528.72651",4.5196,5.2354,4.6539,4.2249,3.964
"5.641/530.87397",4.518,9.1393,5.8752,1.1061,1.9515
"2.369/453.79752",4.5072,7.7681,5.2722,2.3184,2.6699
"0.587/265.14715",4.5054,4.8636,5.2602,3.888,4.0098
"0.769/177.13779",4.4931,4.2437,4.0877,5.1647,4.4763
"1.127/289.97525",4.4925,1.5066,2.6582,7.8229,5.9824
"4.659/484.12870",4.4904,1.7846,2.0993,8.1318,5.9461
"5.674/381.88111",4.4865,3.3951,1.8543,7.4584,5.2382
"4.702/431.11220",4.4632,7.6993,5.3816,2.1588,2.6132
"5.652/188.92003",4.4534,5.3927,3.12,5.253,4.0477
"2.127/148.60411",4.4524,7.3502,6.2739,1.5804,2.605
"0.660/251.09450",4.4459,2.0707,4.5394,5.8462,5.3272
"4.595/170.09315",4.4374,6.4911,5.3969,2.7344,3.1272
"7.043/712.25473",4.4361,5.9477,4.1594,4.0503,3.5869
"2.073/391.01161",4.4285,5.1681,5.4195,3.4066,3.7199
"5.091/487.98630",4.4266,1.468,1.4414,8.694,6.1029
"5.664/436.92518",4.4083,3.5733,2.8385,6.3575,4.8639
"4.636/502.09456",4.4072,5.5755,4.8657,3.5953,3.5925
"4.798/229.13104",4.4013,4.791,2.8448,5.6796,4.2896
"4.662/298.57534",4.3997,2.0352,2.6576,7.3149,5.5909
"2.089/525.05826",4.3963,4.9428,6.0826,2.9001,3.6596
"0.628/389.23604",4.3938,5.4494,4.0562,4.3022,3.7673
"2.906/140.06033",4.3759,7.9618,5.6981,1.5443,2.2993
"1.131/258.22089",4.3738,4.5184,5.0592,3.9233,3.9942
"1.249/85.02618",4.3712,1.9148,2.2114,7.6814,5.6775
"4.531/617.99668",4.3664,8.2385,5.907,1.1991,2.1208
"5.675/379.88398",4.3589,3.4666,1.934,7.0462,4.9889
"4.723/184.55821",4.3546,3.6091,5.6801,3.8516,4.2776
"1.127/350.93570",4.3408,7.3339,5.4049,2.0411,2.5834
"0.770/190.14512",4.3405,5.8768,5.2883,2.9215,3.2753
"0.714/597.35584",4.3276,5.5948,3.4199,4.5922,3.7035
"2.149/441.09247",4.3212,4.7366,2.9424,5.435,4.1709
"5.649/457.91805",4.3134,5.7398,4.3377,3.7185,3.4575
"1.151/171.14960",4.3122,6.7366,5.1638,2.4937,2.8547
"5.673/610.83115",4.3089,1.7093,2.3759,7.5051,5.6451
"2.784/117.72218",4.3088,7.3573,5.3441,2.0018,2.5321
"4.633/555.17953",4.3081,3.1338,4.0212,5.3715,4.7059
"2.194/510.18317",4.3034,5.7194,5.5713,2.6822,3.2408
"5.564/370.88273",4.2977,8.4265,5.5621,1.2185,1.9838
"7.022/663.47525",4.2919,7.3124,5.112,2.1778,2.5655
"5.906/348.07789",4.2917,4.8405,4.3316,4.1554,3.8391
"2.920/176.01078",4.2793,5.4116,3.3055,4.6694,3.7309
"4.659/242.56435",4.2721,2.1369,2.8701,6.7763,5.3051
"5.753/517.80797",4.2692,6.2918,4.9972,2.7676,3.02
"2.277/441.09461",4.2572,2.229,1.3408,7.9593,5.4996
"5.266/404.03491",4.2563,2.6622,3.7271,5.7445,4.8915
"4.402/300.06416",4.2488,6.436,6.0046,1.8052,2.7494
"5.474/630.87274",4.2381,8.6638,5.4495,1.0404,1.7987
"1.385/60.07852",4.2327,5.9072,4.8565,3.0034,3.1636
"4.635/266.10893",4.2212,1.9404,3.5305,6.2116,5.2023
"5.954/312.81221",4.2154,6.2628,5.7634,2.018,2.8173
"1.319/684.22357",4.2054,5.6952,3.8201,3.9116,3.3948
"4.293/260.19965",4.2009,4.6042,3.5702,4.6955,3.9338
"4.314/275.14006",4.2,1.4828,1.2157,8.327,5.7745
"5.514/68.97974",4.1944,6.2375,4.8922,2.7037,2.9442
"1.166/448.37497",4.1809,2.0892,3.8024,5.8088,5.0233
"4.720/184.12495",4.1666,4.6819,5.7405,2.7706,3.4734
"5.435/382.93474",4.164,8.083,5.3326,1.2714,1.969
"2.700/158.03919",4.1522,3.2425,2.3959,6.2854,4.6852
"2.750/258.15358",4.1371,8.5312,5.2748,1.013,1.7291
"4.394/350.10541",4.133,3.3793,2.875,5.7681,4.5099
"7.079/786.28103",4.1131,6.9258,5.0382,2.0159,2.4724
"5.968/174.88615",4.1064,5.4333,4.3073,3.4097,3.2753
"0.777/203.49435",4.1056,3.8087,2.2729,5.9702,4.3708
"2.810/237.17304",4.0934,4.2438,3.5007,4.6878,3.9411
"2.649/274.12843",4.0852,6.5882,4.8461,2.2897,2.6166
"5.577/431.95067",4.0738,4.3473,4.3162,3.9085,3.7233
"4.956/510.08430",4.0647,2.514,4.84,4.4392,4.4657
"0.705/258.17435",4.0574,2.8822,5.4814,3.6913,4.1748
"2.685/155.56270",4.0371,7.9735,4.644,1.5957,1.9353
"5.648/416.89109",4.0307,3.4497,3.6267,4.8598,4.1865
"2.209/430.20550",4.019,4.0594,5.3183,3.1001,3.5981
"5.656/343.93290",4.0173,4.517,3.3015,4.5227,3.7282
"2.148/577.13362",4.0145,0.92034,0.6669,8.6379,5.8329
"4.737/146.65878",4.0128,7.2784,5.343,1.3314,2.0983
"2.235/136.04943",4.0038,2.2813,2.7012,6.1917,4.8409
"1.248/145.04828",4.0013,2.4515,2.1337,6.5648,4.8551
"4.660/355.08055",3.9919,1.9976,2.9729,6.0905,4.9067
"4.842/275.31284",3.986,5.6453,3.9548,3.2978,3.0462
"5.513/110.00722",3.9727,5.3178,4.4653,3.0185,3.0892
"4.799/246.15904",3.9684,1.8085,2.417,6.5969,5.0514
"4.583/581.10042",3.9666,1.5817,0.98687,7.9008,5.3969
"4.798/245.39492",3.951,5.5978,3.6993,3.4507,3.056
"4.499/453.13012",3.9386,3.7103,3.2399,4.8183,3.9859
"5.662/293.96620",3.8948,6.1956,3.8273,2.8874,2.6691
"4.812/360.11901",3.8758,3.7907,4.6077,3.4889,3.6158
"5.800/553.76884",3.8738,6.1591,3.9722,2.7362,2.6279
"1.105/215.03366",3.8641,4.0493,4.9473,3.0398,3.4199
"4.657/689.09095",3.8486,4.0926,2.4565,5.0453,3.7999
"1.277/144.10081",3.8456,2.2204,2.1582,6.2936,4.7103
"4.348/744.77968",3.8234,2.6225,4.2307,4.3044,4.1361
"5.443/606.87921",3.8232,5.7095,3.4813,3.2635,2.8387
"4.737/137.10197",3.8031,4.9987,5.1968,2.1745,2.8423
"5.410/726.89151",3.7896,5.8147,4.3391,2.4143,2.5905
"4.503/429.15117",3.7861,3.7571,2.7552,4.8274,3.8046
"5.664/229.94773",3.779,4.2126,2.3655,4.8884,3.6496
"2.704/156.04168",3.7712,1.707,2.1495,6.3978,4.8304
"2.641/157.04493",3.7701,5.901,4.8112,1.9292,2.4392
"5.439/270.94958",3.7682,6.3928,4.4761,1.9376,2.2662
"10.468/542.74605",3.7564,6.5202,5.0535,1.3616,2.0902
"5.681/494.88224",3.7556,4.721,3.0319,4.0055,3.2641
"5.668/614.82329",3.7509,1.2948,1.0444,7.4875,5.1768
"2.770/119.08758",3.7447,3.5034,3.0916,4.5852,3.7986
"2.410/317.15326",3.7434,2.6787,2.3067,5.6773,4.311
"4.485/377.98100",3.7426,3.6797,4.5307,3.2915,3.4685
"2.933/224.01017",3.7402,2.5853,2.8062,5.3055,4.2639
"1.246/203.49375",3.7391,1.984,1.6271,6.6047,4.7406
"5.437/584.90894",3.7363,5.7173,3.885,2.7148,2.6281
"5.442/612.90577",3.7339,5.1457,3.3711,3.4431,2.9757
"5.697/352.93484",3.7272,3.2096,3.6385,4.2477,3.8132
"5.518/174.93092",3.7228,4.737,4.4745,2.721,2.9586
"0.552/223.13340",3.7194,3.4191,3.6867,4.076,3.6959
"1.127/445.96449",3.7149,3.3285,2.0885,5.4395,4.0029
"4.282/195.98670",3.7147,4.3999,4.7213,2.6783,3.0593
"4.311/244.16835",3.7108,1.759,4.0538,4.6447,4.3859
"4.333/303.26097",3.709,3.7751,5.3158,2.5078,3.2372
"0.544/553.32804",3.7085,6.7272,4.0863,1.937,2.0835
"5.516/286.91850",3.7084,5.1394,4.3496,2.5733,2.7713
"4.416/354.10592",3.7073,7.9863,4.5631,0.86077,1.4192
"4.285/173.02090",3.7003,1.9329,3.6942,4.8239,4.3502
"2.585/140.06655",3.6764,5.824,5.1167,1.4913,2.2737
"2.929/138.05451",3.6539,5.0714,5.1973,1.7754,2.5716
"5.795/514.73773",3.6537,4.6731,3.7654,3.1771,2.9992
"2.920/178.00952",3.6475,4.6141,3.309,3.5725,3.0944
"5.443/614.90562",3.6406,7.9387,4.7163,0.59835,1.309
"5.120/527.27522",3.6367,2.5388,2.7164,5.1554,4.1361
"4.818/336.95547",3.6305,3.0331,2.238,5.2711,3.9797
"5.789/297.89816",3.6269,6.0348,4.3259,1.9144,2.2326
"5.664/195.99499",3.6232,4.5378,3.3695,3.5049,3.0807
"0.743/171.05826",3.6165,2.5736,4.0658,3.9686,3.8579
"2.923/94.06266",3.6115,5.6345,4.7217,1.7645,2.3254
"5.649/459.91620",3.6055,6.0678,4.3339,1.8383,2.1819
"2.580/58.06266",3.604,4.365,3.6944,3.2821,3.0746
"2.225/334.11445",3.6016,1.4282,0.73152,7.3152,4.9313
"7.177/934.32393",3.5984,6.6892,4.7943,1.1047,1.8053
"4.283/178.01423",3.5958,2.3983,2.1665,5.5886,4.2297
"4.488/266.02014",3.5952,6.2616,4.209,1.8128,2.0975
"1.945/120.10015",3.5924,3.7139,3.4362,3.8188,3.4006
"0.801/140.10679",3.5894,3.5414,4.6025,2.9369,3.2766
"0.559/465.26924",3.5868,4.8211,4.5404,2.2931,2.6924
"5.535/173.93411",3.5831,5.4317,4.6539,1.8614,2.3854
"5.455/223.99095",3.5828,5.2696,3.6968,2.7419,2.6229
"4.593/294.56226",3.5823,2.2521,1.2387,6.4045,4.434
"5.837/392.79897",3.5757,4.8743,3.7978,2.8539,2.7769
"5.444/500.91841",3.5594,3.578,3.0837,4.1048,3.471
"7.174/927.22687",3.5464,2.8463,3.207,4.3653,3.7672
"5.674/202.99888",3.5458,1.6274,1.8784,6.1222,4.5553
"2.936/132.01968",3.5433,4.6341,4.2332,2.5438,2.762
"5.535/213.96163",3.5412,5.5802,4.297,1.9764,2.3111
"2.642/273.12590",3.532,2.673,1.7375,5.6427,4.0747
"7.128/832.27056",3.5297,2.6862,3.339,4.3017,3.792
"5.466/340.97444",3.5162,4.6838,3.1143,3.3798,2.8867
"5.479/516.88655",3.5156,6.9021,4.2281,1.2601,1.6721
"5.521/215.95892",3.481,5.8517,4.8819,1.2,1.9905
"4.739/155.12610",3.4803,2.3716,3.71,4.0441,3.7954
"5.722/367.87490",3.4732,2.5404,3.2411,4.3251,3.7861
"5.463/201.97443",3.4683,4.2183,3.4537,3.2334,2.9676
"5.496/289.91685",3.4634,5.9905,4.4272,1.4599,1.9759
"7.181/906.29128",3.4617,3.3392,3.4226,3.7168,3.3683
"6.243/218.97614",3.4457,1.6202,3.2413,4.7541,4.1671
"7.049/569.44805",3.435,4.076,3.5873,3.1189,2.9576
"2.391/60.07810",3.4318,4.9924,4.714,1.6832,2.3375
"4.656/651.13673",3.4272,1.755,1.0819,6.4281,4.4436
"4.849/386.05352",3.4155,3.4207,4.3924,2.757,3.0918
"5.444/698.89418",3.3912,4.3667,2.66,3.6262,2.912
"5.457/574.88020",3.3822,1.9801,2.9326,4.6633,3.9528
"5.563/223.99123",3.3697,4.6374,2.9102,3.221,2.7102
"5.564/501.92584",3.3603,4.4203,4.3605,2.1121,2.5482
"4.585/599.06970",3.3505,6.3486,4.3086,1.0933,1.6515
"1.895/102.08913",3.3504,5.6794,3.9848,1.722,2.0153
"4.641/404.22330",3.348,2.9636,4.8614,2.4513,3.1156
"5.477/222.94342",3.3461,5.2396,4.732,1.3285,2.0841
"0.635/129.75805",3.3367,3.3153,2.3019,4.3579,3.3717
"0.560/539.26187",3.3295,2.5746,3.8999,3.4136,3.4297
"0.776/226.10665",3.3244,0.80399,0.8996,6.8437,4.7504
"1.327/597.35862",3.3197,3.7497,3.8407,2.8065,2.8819
"5.538/182.96396",3.2998,5.031,4.1789,1.7881,2.2012
"7.027/708.53176",3.2925,4.608,3.9347,2.2008,2.4264
"2.702/257.14924",3.2523,5.1532,3.7917,1.9289,2.1353
"3.667/282.05184",3.2358,1.6679,1.1554,5.9528,4.1673
"2.130/134.63271",3.2262,4.2745,2.5133,3.3996,2.7173
"0.727/685.41303",3.2238,4.4604,3.9798,2.0772,2.3777
"5.466/515.89298",3.205,4.4365,3.3568,2.5617,2.4651
"2.244/135.04681",3.1945,2.5068,1.4857,5.1275,3.6582
"5.452/265.01923",3.1895,2.7629,2.2582,4.3367,3.4002
"5.693/487.81507",3.1868,2.0938,2.3504,4.614,3.6891
"4.729/409.25511",3.1736,2.8636,4.6799,2.2354,2.9157
"5.676/422.90975",3.172,0.91219,0.44687,6.7934,4.5354
"2.137/575.13688",3.1564,0.90935,1.6634,5.7482,4.3046
"5.433/384.93526",3.1468,5.7832,3.6208,1.4773,1.7061
"2.630/119.08777",3.1352,4.5038,2.6366,2.9546,2.4459
"5.452/336.92897",3.1258,4.2284,4.5006,1.5339,2.2403
"1.260/244.07738",3.117,1.8801,1.065,5.6269,3.8959
"5.741/515.81043",3.1168,3.8541,3.9654,2.1577,2.4901
"4.415/217.11923",3.1091,3.6679,4.3706,1.9033,2.4947
"4.499/427.81297",3.1073,3.2096,2.7121,3.5214,2.9861
"5.439/268.95096",3.1026,4.6832,3.5332,2.0356,2.1585
"2.235/63.02369",3.097,3.2471,1.8978,4.152,3.0913
"5.499/288.91613",3.0968,4.1469,3.5288,2.3141,2.3976
"0.567/495.23561",3.0937,1.6449,3.1591,3.9605,3.6105
"5.433/582.91022",3.0794,6.6831,3.867,0.62606,1.1417
"4.637/461.12047",3.0529,1.2428,2.4393,4.6755,3.8539
"0.575/430.27551",3.0373,1.5201,1.8993,4.9365,3.7932
"1.658/205.10138",3.0367,3.2144,2.293,3.6963,2.9431
"6.943/685.41528",2.9969,2.2992,2.854,3.6278,3.2067
"2.231/137.04224",2.978,1.77,1.7941,4.7464,3.6016
"5.002/225.01697",2.9702,4.2882,3.1523,2.245,2.1953
"5.673/179.98148",2.9673,0.82765,1.3465,5.5993,4.0959
"5.437/638.90309",2.9636,3.9524,3.494,2.1265,2.2816
"5.462/374.90426",2.9457,3.4463,4.0504,1.8943,2.392
"7.235/1001.25015",2.92,2.4273,3.0872,3.1799,2.9856
"5.477/401.90274",2.9098,4.2403,3.483,1.8509,2.0651
"0.585/387.22353",2.908,1.6851,4.0279,2.7702,3.1486
"5.467/600.87757",2.9057,4.9732,4.0758,0.95463,1.6192
"5.735/417.84227",2.8916,3.19,3.8365,2.0793,2.4607
"4.987/298.99675",2.8869,2.5815,2.3162,3.6567,2.9933
"5.726/419.83905",2.8815,3.8528,3.4249,2.0394,2.2088
"5.693/496.88027",2.8787,1.8329,0.95019,5.173,3.5586
"5.439/604.87725",2.8783,5.8479,3.4439,0.94177,1.2797
"5.535/225.98971",2.8779,2.2804,1.9799,4.0761,3.1753
"4.723/75.07301",2.8612,1.233,2.7212,3.9848,3.5058
"5.670/324.93743",2.8492,0.92594,0.97629,5.5687,3.926
"1.130/426.84935",2.8266,5.2575,3.6443,0.96886,1.4359
"5.481/403.90443",2.8057,3.6355,2.987,2.337,2.2634
"4.869/451.29337",2.8003,1.9918,3.0545,3.1529,3.0019
"0.566/215.14443",2.7936,2.5385,3.6646,2.3364,2.635
"5.456/412.93130",2.7834,4.0417,2.4195,2.5353,2.1373
"4.735/112.07319",2.7812,3.0839,3.0966,2.4838,2.4603
"4.495/451.13088",2.7759,2.0288,3.1679,2.98,2.9267
"5.474/402.90162",2.7731,4.0748,2.9124,2.0838,2.0216
"5.455/602.87496",2.7635,1.9543,2.4394,3.5945,3.0656
"5.787/273.89731",2.7519,1.7587,2.2411,3.8365,3.1714
"4.587/565.04058",2.7397,0.51109,0.38663,6.0172,4.044
"5.510/327.94631",2.7315,4.556,3.6845,1.0838,1.6017
"2.487/156.04182",2.7247,3.9638,2.9338,2.0091,1.9922
"7.237/980.32137",2.7205,1.7268,2.356,3.6827,3.1166
"0.635/130.15809",2.7179,4.6026,3.3738,1.2838,1.6116
"5.447/184.96126",2.6956,2.371,2.6333,3.0456,2.7323
"5.662/318.98172",2.6828,2.0655,1.6092,4.0289,3.0276
"1.132/372.91849",2.6722,4.1231,2.8125,1.8972,1.8559
"2.931/137.63036",2.6612,1.9268,3.2598,2.6822,2.7759
"5.459/200.97382",2.6591,3.3589,3.368,1.8164,2.0932
"4.363/144.13705",2.6562,1.6701,1.4237,4.3315,3.1995
"2.630/272.27748",2.6206,4.9269,3.4054,0.84823,1.3018
"1.157/174.14735",2.6157,1.3668,2.8084,3.2485,3.039
"1.344/250.06222",2.5994,2.144,3.2632,2.4136,2.5769
"2.829/58.06264",2.5788,1.8175,2.0117,3.5779,2.9083
"7.128/860.30291",2.5742,3.3881,3.2506,1.6934,1.9648
"5.443/610.90636",2.5732,3.0982,1.8398,3.0174,2.3376
"5.443/697.89961",2.5516,3.6152,2.7287,1.9495,1.913
"0.652/532.39682",2.5512,2.9233,2.7736,2.2837,2.224
"5.703/485.81676",2.5509,1.3165,1.7732,3.978,3.1357
"7.040/684.22810",2.5385,3.7318,2.7808,1.8119,1.8295
"5.443/498.92043",2.5381,2.2995,2.5064,2.8099,2.5368
"5.485/138.97098",2.5349,1.7394,1.8733,3.6288,2.8982
"5.492/400.90449",2.5346,4.5075,3.2027,1.0349,1.3934
"2.771/118.08556",2.5229,3.3252,2.3193,2.376,2.0711
"4.740/130.08558",2.521,4.1594,3.2027,1.1894,1.5323
"0.777/183.00531",2.5198,1.4832,2.342,3.3415,2.9125
"5.673/204.99623",2.5105,2.1101,1.9696,3.2904,2.6718
"7.076/779.17957",2.4973,2.2838,2.9417,2.3589,2.405
"5.459/337.97458",2.4893,2.4748,2.1431,2.8991,2.4403
"5.453/526.91579",2.4623,3.1969,2.2914,2.3222,2.0387
"2.136/63.02379",2.4503,2.5972,1.79,3.032,2.3819
"1.335/641.38943",2.4487,3.0233,2.7034,2.0411,2.0271
"5.518/214.96190",2.4465,3.2198,3.4646,1.2986,1.8031
"5.799/371.86835",2.4408,3.3819,2.9849,1.5955,1.801
"5.535/112.00434",2.4402,1.3902,1.937,3.5356,2.8979
"5.454/410.93267",2.4366,3.3222,1.9589,2.4684,1.9967
"0.552/255.17648",2.4304,3.5059,3.3119,1.2324,1.6715
"5.685/470.87962",2.4154,4.2624,3.0772,0.98354,1.3385
"13.035/458.78255",2.4091,4.5024,3.2442,0.7006,1.1892
"5.468/258.92057",2.3976,3.3453,1.9799,2.3446,1.9205
"5.510/380.91263",2.3914,3.5543,3.4359,1.0093,1.5659
"5.552/615.91076",2.3806,1.3308,2.9793,2.5594,2.653
"5.446/496.92110",2.3761,4.0491,2.8959,1.1541,1.4054
"5.726/313.91161",2.3581,2.4744,2.8906,1.963,2.1046
"4.409/398.07489",2.3557,1.4276,3.4125,2.0878,2.4949
"2.232/134.63295",2.3397,1.754,1.2613,3.6579,2.6856
"7.086/758.25068",2.3176,1.4408,2.3675,2.8556,2.6064
"5.693/433.85503",2.2795,1.6859,2.2507,2.7288,2.4527
"2.139/309.04595",2.2731,0.67049,0.73007,4.5214,3.1704
"5.610/266.92724",2.2537,1.5559,2.1696,2.8038,2.4855
"2.136/307.04727",2.2356,1.6424,2.4049,2.5184,2.3766
"5.437/182.96348",2.2043,2.9855,2.9028,1.3067,1.6221
"5.456/486.89131",2.196,0.92446,1.8841,3.2415,2.7339
"5.672/163.96787",2.1717,0.83989,0.47754,4.3953,2.9742
"5.451/339.97402",2.1623,2.2405,2.2928,2.1126,2.0032
"2.233/190.14401",2.1622,2.5967,2.7234,1.5634,1.7652
"5.483/375.90603",2.1583,2.0099,3.0196,1.6241,1.9793
"5.433/450.91365",2.1529,4.1269,2.6397,0.7866,1.0585
"5.455/525.91800",2.1249,4.6662,2.7693,0.32117,0.74299
"5.452/423.96438",2.1237,1.8874,1.7664,2.6462,2.1946
"5.675/82.01152",2.1207,3.7987,2.4877,1.0117,1.1848
"5.712/365.87513",2.0434,1.3465,1.4981,2.9664,2.3624
"5.729/272.88475",2.0392,1.7936,2.8791,1.5702,1.914
"5.444/296.94796",2.0379,1.1813,1.7627,2.8227,2.3848
"2.140/711.17984",2.0319,2.5141,1.4126,2.381,1.8198
"0.557/205.12401",2.017,2.3915,2.0658,1.8692,1.7413
"2.652/118.08519",1.9876,3.2546,2.2019,1.2208,1.273
"5.453/527.91730",1.9469,3.2053,2.6425,0.78373,1.156
"5.802/512.74042",1.9347,2.0505,2.1332,1.7986,1.7565
"4.737/84.07846",1.9268,3.3356,2.4151,0.8538,1.1028
"5.831/648.66904",1.9239,1.1629,2.1767,2.2144,2.1416
"5.458/151.03452",1.9098,2.2,1.6811,2.033,1.7249
"2.137/135.04696",1.8601,0.83403,0.44201,3.6766,2.4878
"13.051/641.38658",1.8135,0.71968,1.4002,2.8309,2.3031
"5.452/372.90595",1.8098,1.8187,2.4266,1.3788,1.615
"0.553/283.15907",1.8007,0.77805,1.4545,2.7237,2.2467
"5.434/452.91264",1.7907,2.7455,2.0782,1.1229,1.2164
"7.034/705.15270",1.7833,2.3889,2.1354,1.2496,1.3594
"10.293/542.75043",1.7747,0.80722,1.7875,2.3691,2.1351
"4.595/126.10126",1.7417,0.97114,2.2654,1.8048,1.9255
"13.034/542.74617",1.7386,1.0717,2.4058,1.6266,1.8502
"5.664/316.98305",1.7345,1.7754,1.0303,2.3789,1.7534
"1.044/305.95689",1.7195,2.2799,1.4074,1.7583,1.4324
"5.438/286.91838",1.7176,1.3921,2.4293,1.3841,1.665
"5.829/294.82686",1.7165,0.98233,2.2744,1.7306,1.8788
"2.644/117.72262",1.7135,2.9202,1.9276,0.96752,1.0386
"5.687/178.99671",1.7037,1.1808,1.1711,2.5079,1.9548
"5.462/226.98990",1.6757,0.9649,2.0719,1.8095,1.8565
"2.706/273.12569",1.6492,2.5545,1.7099,1.19,1.1424
"2.644/156.04199",1.6417,1.3477,1.057,2.3632,1.7987
"0.634/162.04032",1.6326,0.82907,1.1249,2.5642,2.0121
"2.132/137.04199",1.6253,1.868,1.266,1.8702,1.4969
"1.130/388.89171",1.584,0.52085,0.46623,3.1594,2.1895
"5.439/586.90651",1.5791,2.2308,1.8189,1.1048,1.1618
"2.931/160.03634",1.5731,3.3609,2.0001,0.33153,0.59971
"5.459/488.89144",1.5481,0.57711,1.3503,2.3093,1.9558
"5.714/580.81081",1.5341,1.2015,1.6124,1.7219,1.6006
"7.124/853.19774",1.5322,0.85765,2.2505,1.3731,1.6475
"2.926/134.01609",1.5291,1.1566,1.651,1.702,1.6068
"0.544/685.41629",1.5195,3.0051,2.0071,0.38819,0.67766
"1.129/365.89125",1.5162,1.3921,2.0485,1.2143,1.4098
"5.727/315.90916",1.5069,1.2462,2.1346,1.1991,1.4478
"0.776/85.02550",1.5025,0.7734,1.1088,2.2939,1.8338
"5.443/640.90170",1.4979,2.3677,1.8704,0.79276,0.9609
"4.739/147.11252",1.4306,1.2317,0.78579,2.1417,1.5631
"5.448/468.92484",1.3972,0.97576,0.79484,2.1915,1.6266
"5.451/298.94692",1.3336,0.71406,1.8181,1.3302,1.4719
"1.327/759.25056",1.3183,0.3958,0.19128,2.8144,1.872
"7.005/610.20212",1.3124,0.81281,1.5863,1.4183,1.4322
"5.477/536.88128",1.2931,1.5137,1.3812,1.1645,1.113
"4.593/169.56856",1.2836,1.8363,1.6035,0.78351,0.9111
"2.141/73.02665",1.2397,1.1071,1.2791,1.3393,1.2332
"5.470/242.00166",1.2343,1.2139,1.7528,0.8759,1.0946
"5.691/350.93803",1.2292,0.79874,1.1938,1.5509,1.3735
"4.693/594.11232",1.2068,2.8144,1.636,0.044835,0.33212
"5.460/227.98625",1.1955,1.2931,1.3244,1.0951,1.0694
"5.418/287.91943",1.1813,1.6734,1.5373,0.6795,0.83502
"5.747/491.80984",0.97215,0.53326,0.68113,1.4993,1.1749
"13.175/526.77098",0.8237,1.0016,1.1995,0.45924,0.63445
"5.450/524.91719",0.82074,0.15118,0,1.905,1.2268
"5.514/329.94489",0.81452,0.72208,0.73815,0.97031,0.82755
"5.545/172.93343",0.60137,0.68974,0.4611,0.70364,0.55102
"2.639/276.12570",0.59318,0.16426,0.12896,1.2423,0.83717
"5.446/338.97622",0.57311,0.57278,0.46478,0.69542,0.55947
"4.737/129.68596",0.2174,0.50683,0.2465,0.054375,0.061898
